timestamp,action,track_artist,track_title,track_album,query,tier,score,filename,username,length,bitrate,size,speed
2026-06-18T11:45:32,preview,PSY,Gangnam Style 강남스타일,Gangnam Style (강남스타일),Gangnam Style intro,Manual,330.0,@@hoczu\MISC 1\PSY - Gangnam Style (TMU Throwback Intro) (No Outro) (Clean).mp3,Seiiizi6,221,320,320kb,0.42MB/s
2026-06-18T12:25:12,preview,Crazy Frog,Axel F,Crazy Frog presents Crazy Hits,Crazy Frog,Normal / Broad,322.0,@@hnttf\Soulseek Downloads\Music\Bpm Supreme 2304\Crazy Frog - Axel F (Clean Extended) 138.mp3,fricktion,215,320,320kb,1.73MB/s
2026-06-18T12:26:44,preview,Crazy Frog,Axel F,Crazy Frog presents Crazy Hits,Crazy Frog,Normal / Broad,325.0,music\Playlists\Outras\Crazy Frog - Axel F (Radio Edit).mp3,9jafdsz,171,320,320kb,4.19MB/s
2026-06-18T12:27:08,keep_preview,Crazy Frog,Axel F,Crazy Frog presents Crazy Hits,Crazy Frog,Normal / Broad,325.0,music\Playlists\Outras\Crazy Frog - Axel F (Radio Edit).mp3,9jafdsz,171,320,320kb,4.19MB/s
2026-06-18T12:28:41,preview,PSY,Gangnam Style,Gangnam Style (강남스타일),PSY Gangnam Style intro,Manual,330.0,@@hoczu\MISC 1\PSY - Gangnam Style (TMU Throwback Intro) (No Outro) (Clean).mp3,Seiiizi6,221,320,320kb,0.42MB/s
2026-06-18T12:29:20,keep_preview,PSY,Gangnam Style,Gangnam Style (강남스타일),PSY Gangnam Style intro,Manual,330.0,@@hoczu\MISC 1\PSY - Gangnam Style (TMU Throwback Intro) (No Outro) (Clean).mp3,Seiiizi6,221,320,320kb,0.42MB/s
2026-06-18T12:36:49,preview,Baha Men,Who Let The Dogs Out,Who Let The Dogs Out,Baha Men Who Let The Dogs Out intro,Intro / Exact,447.0,DJ Packs\All In One Partybreaks and Remixes [May 2024] Part. 1\Baha Men - Who Let The Dogs Out (Intro Edit) (Clean) 129 [www.dj-promo.org].mp3,Manito_DJ,202,320,320kb,5.58MB/s
2026-06-18T12:37:25,keep_preview,Baha Men,Who Let The Dogs Out,Who Let The Dogs Out,Baha Men Who Let The Dogs Out intro,Intro / Exact,447.0,DJ Packs\All In One Partybreaks and Remixes [May 2024] Part. 1\Baha Men - Who Let The Dogs Out (Intro Edit) (Clean) 129 [www.dj-promo.org].mp3,Manito_DJ,202,320,320kb,5.58MB/s
2026-06-18T12:44:31,download_final,Baha Men,Who Let The Dogs Out,Who Let The Dogs Out,Baha Men Who Let The Dogs Out intro,Intro / Exact,447.0,DJ Packs\All In One Partybreaks and Remixes [May 2024] Part. 1\Baha Men - Who Let The Dogs Out (Intro Edit) (Clean) 129 [www.dj-promo.org].mp3,Manito_DJ,202,320,320kb,5.58MB/s
2026-06-18T12:45:20,download_final,Soulja Boy,Crank That Soulja Boy,souljaboytellem.com,Soulja Boy Crank That Soulja Boy intro,Intro / Exact,436.0,@@knlje\125-135 BPM\complete\4v4l0n_94200\DMS 2505 [DJC]\Soulja Boy - Crank That (Soulja Boy) (Intro  Clean).mp3,cq,260,320,320kb,0.47MB/s
2026-06-18T12:48:06,preview,Crazy Frog,Axel F,Crazy Frog presents Crazy Hits,Crazy Frog,Normal / Broad,325.0,music\Playlists\Outras\Crazy Frog - Axel F (Radio Edit).mp3,9jafdsz,171,320,320kb,4.19MB/s
2026-06-18T12:48:29,keep_preview,Crazy Frog,Axel F,Crazy Frog presents Crazy Hits,Crazy Frog,Normal / Broad,325.0,music\Playlists\Outras\Crazy Frog - Axel F (Radio Edit).mp3,9jafdsz,171,320,320kb,4.19MB/s
2026-06-18T12:49:09,download_final,PSY,Gangnam Style,Gangnam Style (강남스타일),Gangnam Style intro,Intro / Title Only,436.0,@@hoczu\MISC 1\PSY - Gangnam Style (TMU Throwback Intro) (No Outro) (Clean).mp3,Seiiizi6,221,320,320kb,0.42MB/s
2026-06-18T12:49:56,preview,PSY,Gangnam Style,Gangnam Style (강남스타일),Gangnam Style intro,Intro / Title Only,436.0,@@uhrwe\mp3\hard hip hop\20210826 Twerk Remix SET\Psy - Gangnam Style (JAYY Remix) Intro - Clean.mp3,djsam420,145,320,320kb,0.46MB/s
2026-06-18T12:50:18,preview,PSY,Gangnam Style,Gangnam Style (강남스타일),Gangnam Style intro,Intro / Title Only,436.0,@@dwump\AYIKLA\loj\House\Psy - Gangnam Style (Intro) Radio).mp3,powerboy,218,320,320kb,0.17MB/s
2026-06-18T12:51:14,preview,PSY,Gangnam Style,Gangnam Style (강남스타일),PSY intro,Intro / Broad,363.0,@@fhueo\Music Master\Remix Services\Mixshow Ingredients\Mixshow Ingredients 069\M.I. 69\132 bpm - PSY - Gangnam Style [Intro 1].mp3,OldShoolover,241,320,320kb,0.50MB/s
2026-06-18T12:54:21,download_final,Baha Men,Who Let The Dogs Out,Who Let The Dogs Out,Baha Men Who Let The Dogs Out intro,Intro / Exact,438.0,@@htouc\Music Sets\Various DJ Remixes\Baha Men - Who Let The Dogs Out (Intro) (Clean).mp3,KJ_Jim,198,192,192kb,0.95MB/s
2026-06-18T12:55:11,preview,Soulja Boy,Crank That Soulja Boy,souljaboytellem.com,Soulja Boy Crank That Soulja Boy intro,Intro / Exact,436.0,@@knlje\125-135 BPM\complete\4v4l0n_94200\DMS 2505 [DJC]\Soulja Boy - Crank That (Soulja Boy) (Intro  Clean).mp3,cq,260,320,320kb,0.47MB/s
2026-06-18T12:55:44,keep_preview,Soulja Boy,Crank That Soulja Boy,souljaboytellem.com,Soulja Boy Crank That Soulja Boy intro,Intro / Exact,436.0,@@knlje\125-135 BPM\complete\4v4l0n_94200\DMS 2505 [DJC]\Soulja Boy - Crank That (Soulja Boy) (Intro  Clean).mp3,cq,260,320,320kb,0.47MB/s
2026-06-18T12:59:28,preview,Nico & Vinz,Am I Wrong,Black Star Elephant,Nico & Vinz Am I Wrong intro,Intro / Exact,436.0,Soulseek\unsorted\Club Killers 0604 (2020)\Nico & Vinz - Am I Wrong (CK Intro - Clean).mp3,nightrmx,256,320,320kb,0.08MB/s
2026-06-18T12:59:54,preview,Nico & Vinz,Am I Wrong,Black Star Elephant,Nico & Vinz Am I Wrong intro,Intro / Exact,365.0,@@ogzof\DJ\C_DJ\Promo Only\June 2014 Express (pop & country)\Nico & Vinz - Am I Wrong (Promo Only Intro Edit).mp3,PaulBKaraoke,240,320,320kb,1.09MB/s
2026-06-18T13:00:51,preview,Nico & Vinz,Am I Wrong,Black Star Elephant,Am I Wrong intro,Intro / Title Only,438.0,@@htouc\Music Sets\Various DJ Remixes\Nico & Vinz - Am I Wrong (CK Intro) (Clean).mp3,KJ_Jim,256,192,192kb,0.95MB/s
2026-06-18T13:01:20,keep_preview,Nico & Vinz,Am I Wrong,Black Star Elephant,Am I Wrong intro,Intro / Title Only,438.0,@@htouc\Music Sets\Various DJ Remixes\Nico & Vinz - Am I Wrong (CK Intro) (Clean).mp3,KJ_Jim,256,192,192kb,0.95MB/s
2026-06-18T13:02:09,preview,"DJ Snake, Selena Gomez, Ozuna, Cardi B",Taki Taki,Carte Blanche,"DJ Snake, Selena Gomez, Ozuna, Cardi B Taki Taki intro",Intro / Exact,360.0,m3\TL-0day MP3 JAN25-2024\DJ Weekly Remix Pack Week 03 (2024)-Will1869-F4M\DJ Weekly Remix Pack Week 03 (2024)\155 DJ Loaded - Difference Sounder\108. Dj Snake Ft Ozuna Cardi B & Selena Gomez - Taki Taki (Ck Intro - Clean) (Revised).mp3,TauAs,240,320,320kb,1.76MB/s
2026-06-18T13:02:31,keep_preview,"DJ Snake, Selena Gomez, Ozuna, Cardi B",Taki Taki,Carte Blanche,"DJ Snake, Selena Gomez, Ozuna, Cardi B Taki Taki intro",Intro / Exact,360.0,m3\TL-0day MP3 JAN25-2024\DJ Weekly Remix Pack Week 03 (2024)-Will1869-F4M\DJ Weekly Remix Pack Week 03 (2024)\155 DJ Loaded - Difference Sounder\108. Dj Snake Ft Ozuna Cardi B & Selena Gomez - Taki Taki (Ck Intro - Clean) (Revised).mp3,TauAs,240,320,320kb,1.76MB/s
2026-06-18T13:02:52,preview,Lil Mosey,Blueberry Faygo,Blueberry Faygo,Lil Mosey Blueberry Faygo intro,Intro / Exact,438.0,@@dvdgg\DJ POOL\New folder\2020 hip hop bangers\Lil Mosey - Blueberry Faygo (Intro Clean).mp3,Dstserato,174,320,320kb,0.75MB/s
2026-06-18T13:03:37,preview,Lil Mosey,Blueberry Faygo,Blueberry Faygo,Lil Mosey Blueberry Faygo intro,Intro / Exact,438.0,@@htouc\Music Sets\Promo Only\PO Other Stuff\PO Express Audio DJ Tools\PO Express Audio DJ Tools 2025-06 WK01\PO Express Audio DJ Tools 2020\PO Express Audio DJ Tools 2020-03 WK01\Lil Mosey - Blueberry Faygo (PO Intro Edit - Clean) (2020).mp3,KJ_Jim,175,320,320kb,0.95MB/s
2026-06-18T13:04:43,keep_preview,Lil Mosey,Blueberry Faygo,Blueberry Faygo,Lil Mosey Blueberry Faygo intro,Intro / Exact,438.0,@@htouc\Music Sets\Promo Only\PO Other Stuff\PO Express Audio DJ Tools\PO Express Audio DJ Tools 2025-06 WK01\PO Express Audio DJ Tools 2020\PO Express Audio DJ Tools 2020-03 WK01\Lil Mosey - Blueberry Faygo (PO Intro Edit - Clean) (2020).mp3,KJ_Jim,175,320,320kb,0.95MB/s
2026-06-18T13:06:18,download_final,"Flo Rida, T-Pain",Low,Mail on Sunday,"Flo Rida, T-Pain Low intro",Intro / Exact,438.0,"Shared\Nicotine_2\gillern\Orginalfiler musikk\Flo Rida,T-Pain - Low (Sickmix Intro) (Clean) 128.mp3",SeriousDanger,232,320,320kb,0.82MB/s
2026-06-18T13:07:51,preview,"Flo Rida, T-Pain",Low,Mail on Sunday,"Flo Rida, T-Pain Low intro",Intro / Exact,281.0,"AUDIO1\2026\05-MAY\08\Beatport Wedding Anthems\Beatport Wedding Anthems Pop\T-Pain, Flo Rida - Low (feat. T-Pain) Intro.mp3",DJ_Promo,240,320,320kb,0.02MB/s
2026-06-18T13:14:55,preview,Silentó,Watch Me Whip / Nae Nae,Watch Me (Whip / Nae Nae),Silentó Watch Me Whip / Nae Nae,Normal / Exact,372.0,@@njdpu\2025\Silentó - Watch Me (Whip _ Nae Nae) Silentó (SickMix intro) (clean).mp3,SilasVZ,233,224,224kb,2.20MB/s
2026-06-18T13:15:48,keep_preview,Silentó,Watch Me Whip / Nae Nae,Watch Me (Whip / Nae Nae),Silentó Watch Me Whip / Nae Nae,Normal / Exact,372.0,@@njdpu\2025\Silentó - Watch Me (Whip _ Nae Nae) Silentó (SickMix intro) (clean).mp3,SilasVZ,233,224,224kb,2.20MB/s
2026-06-18T13:17:38,preview,The Weeknd,Blinding Lights,After Hours,The Weeknd Blinding Lights intro,Intro / Exact,447.0,Music\beatport_tracks_2024-02\The Weeknd - Blinding Lights (Intro Clean).mp3,dj_scrapcirkit,213,320,320kb,19.47MB/s
2026-06-18T13:17:51,keep_preview,The Weeknd,Blinding Lights,After Hours,The Weeknd Blinding Lights intro,Intro / Exact,447.0,Music\beatport_tracks_2024-02\The Weeknd - Blinding Lights (Intro Clean).mp3,dj_scrapcirkit,213,320,320kb,19.47MB/s
2026-06-18T13:18:16,preview,Stromae,Alors on danse,Cheese,Stromae Alors on danse intro,Intro / Exact,443.0,@@njdpu\2025\Stromae - Alors On Danse (TMU Throwback Intro) (Clean) 120.mp3,SilasVZ,224,320,320kb,2.20MB/s
2026-06-18T13:18:45,keep_preview,Stromae,Alors on danse,Cheese,Stromae Alors on danse intro,Intro / Exact,443.0,@@njdpu\2025\Stromae - Alors On Danse (TMU Throwback Intro) (Clean) 120.mp3,SilasVZ,224,320,320kb,2.20MB/s
2026-06-18T13:19:38,preview,"Pitbull, Ne-Yo",Time of Our Lives,Globalization,"Pitbull, Ne-Yo Time of Our Lives clean",Clean / Exact,281.0,Music\Pitbull f. Ne-Yo\Unknown Album\Time Of Our Lives (Clean) (Funkymix.mp3,FartyPants,291,320,320kb,0.44MB/s
2026-06-18T13:21:43,preview,"LMFAO, Lauren Bennett, GoonRock",Party Rock Anthem,Sorry For Party Rocking,Party Rock Anthem intro,Intro / Title Only,292.25,@@uvctt\(02) Alternative\2000s-2017\LMFAO ft Lauren Bennett & Goon Rock - Party Rock Anthem (CK Intro - Clean).mp3,TK868,260,320,320kb,0.15MB/s
2026-06-18T13:22:08,preview,"LMFAO, Lauren Bennett, GoonRock",Party Rock Anthem,Sorry For Party Rocking,Party Rock Anthem intro,Intro / Title Only,283.0,@@htouc\Music Sets\Promo Only\PO Mainstream Club\PO Mainstream Club 2011\PO Mainstream Club 2011-04 CD1\13 - Lmfao Ft Lauren Bennett & Goonrock - Party Rock Anthem (PO Intro Edit) (2011).mp3,KJ_Jim,291,204,204kb,0.95MB/s
2026-06-18T13:22:47,keep_preview,"LMFAO, Lauren Bennett, GoonRock",Party Rock Anthem,Sorry For Party Rocking,Party Rock Anthem intro,Intro / Title Only,283.0,@@htouc\Music Sets\Promo Only\PO Mainstream Club\PO Mainstream Club 2011\PO Mainstream Club 2011-04 CD1\13 - Lmfao Ft Lauren Bennett & Goonrock - Party Rock Anthem (PO Intro Edit) (2011).mp3,KJ_Jim,291,204,204kb,0.95MB/s
2026-06-18T13:25:45,preview,DJ Khaled,All I Do Is Win,Victory,DJ Khaled All I Do Is Win intro,Intro / Exact,438.0,@@dlwfh\Hip hop\DJ Khaled -All I Do Is Win [DJ Intro - Clean].mp3,DJLee,268,256,256kb,0.60MB/s
2026-06-18T13:26:34,preview,DJ Khaled,All I Do Is Win,Victory,DJ Khaled All I Do Is Win intro,Intro / Exact,408.0,"MP3\DJ Pools\Dj Pools Music Pack [27 June 2025]\AreYouKidy - Party Saver Play 2\Dj Khaled Ft. T-Pain, Ludacris - All I Do Is Win (Intro Clean) 150.mp3",zombies1337,140,320,320kb,2.34MB/s
2026-06-18T13:26:47,keep_preview,DJ Khaled,All I Do Is Win,Victory,DJ Khaled All I Do Is Win intro,Intro / Exact,408.0,"MP3\DJ Pools\Dj Pools Music Pack [27 June 2025]\AreYouKidy - Party Saver Play 2\Dj Khaled Ft. T-Pain, Ludacris - All I Do Is Win (Intro Clean) 150.mp3",zombies1337,140,320,320kb,2.34MB/s
2026-06-18T13:27:08,preview,Bad Bunny,Tití Me Preguntó,Un Verano Sin Ti,Bad Bunny Tití Me Preguntó intro,Intro / Exact,443.0,@@eikha\ALL MUSIC\Bad Bunny - Tití Me Preguntó (Intro Clean).mp3,DJStan71,235,320,320kb,4.47MB/s
2026-06-18T13:27:30,keep_preview,Bad Bunny,Tití Me Preguntó,Un Verano Sin Ti,Bad Bunny Tití Me Preguntó intro,Intro / Exact,443.0,@@eikha\ALL MUSIC\Bad Bunny - Tití Me Preguntó (Intro Clean).mp3,DJStan71,235,320,320kb,4.47MB/s
2026-06-18T13:28:24,preview,Sabrina Carpenter,Espresso,Short n' Sweet,Sabrina Carpenter Espresso intro,Intro / Exact,443.0,Unsorted\The Mash Up\2025\0617\Sabrina Carpenter - Espresso (TMU Intro) (Clean) 8A 104.mp3,lwl,189,320,320kb,2.85MB/s
2026-06-18T13:29:13,keep_preview,Sabrina Carpenter,Espresso,Short n' Sweet,Sabrina Carpenter Espresso intro,Intro / Exact,443.0,Unsorted\The Mash Up\2025\0617\Sabrina Carpenter - Espresso (TMU Intro) (Clean) 8A 104.mp3,lwl,189,320,320kb,2.85MB/s
2026-06-18T13:29:55,download_final,"Camila Cabello, Young Thug",Havana,Camila,Havana intro,Intro / Title Only,287.5,@@gfzvp\Soulseek Partage\Music\Media\Music\Camila Cabello\New Year Eve 2020 - Ultimate Top 100\12 Havana (Intro Clean).mp3,mascotoss,225,320,320kb,1.02MB/s
2026-06-18T13:30:27,download_final,"Luis Fonsi, Daddy Yankee",Despacito,VIDA,Despacito intro,Intro / Title Only,360.0,latin\reggaeton\Luis Fonsi ft Daddy Yankee - Despacito (Intro - Clean).mp3,trvrlt,260,320,320kb,1.49MB/s
2026-06-18T13:31:42,preview,David Zowie,House Every Weekend,House Every Weekend (Radio Edit),House Every Weekend,Manual,360.0,@@hqlrp\mp3\David Zowie\House Every Weekend\David Zowie - House Every Weekend (Radio Edit).mp3,Athmos,182,320,320kb,2.18MB/s
2026-06-18T13:31:56,keep_preview,David Zowie,House Every Weekend,House Every Weekend (Radio Edit),House Every Weekend,Manual,360.0,@@hqlrp\mp3\David Zowie\House Every Weekend\David Zowie - House Every Weekend (Radio Edit).mp3,Athmos,182,320,320kb,2.18MB/s
2026-06-18T13:32:23,download_final,Calvin Harris,Summer,Motion,Summer intro,Intro / Title Only,443.0,@@eikha\ALL MUSIC\Calvin Harris - Summer (TMU Throwback Intro) (Clean).mp3,DJStan71,241,320,320kb,4.47MB/s
2026-06-18T13:34:46,download_final,"Estelle, Kanye West",American Boy,Shine,American Boy intro,Intro / Title Only,443.0,"MP3\DJ Pools\Dj Pools Music Pack [25 July 2025]\Russian Pack\Estelle, Kanye West - American Boy (Intro Clean) 119.mp3",zombies1337,294,320,320kb,2.34MB/s
2026-06-18T13:35:26,download_final,Darude,Sandstorm,Before the Storm,Darude Sandstorm intro,Intro / Exact,438.0,@@htouc\Music Sets\Various DJ Remixes\Darude - Sandstorm (Intro) (Clean).mp3,KJ_Jim,247,192,192kb,0.95MB/s
2026-06-18T13:36:14,download_final,Los Del Rio,Macarena,Hits Of The 90s,Los Del Rio Macarena intro,Intro / Exact,438.0,@@iobwp\complete\_smpls\hold up\Back To The Future [1993] Part. 9\Los Del Rio - Macarena (Dj Intro Short) (Clean) 103.mp3,auscience,191,320,320kb,0.88MB/s
2026-06-18T13:37:10,download_final,Black Eyed Peas,I Gotta Feeling,THE E.N.D. (THE ENERGY NEVER DIES) [Deluxe Version],Black Eyed Peas I Gotta Feeling intro,Intro / Exact,447.0,Music\beatport_tracks_2024-02\The Black Eyed Peas - I Gotta Feeling (Intro Clean).mp3,dj_scrapcirkit,285,320,320kb,19.47MB/s
2026-06-18T13:38:57,download_final,"Tame Impala, JENNIE",Dracula - JENNIE Remix,Dracula (Remix),Dracula - JENNIE Remix intro,Intro / Title Only,213.0,@@htouc\Music Sets\Promo Only\PO Other Stuff\PO Express Audio DJ Tools\PO Express Audio DJ Tools 2025-06 WK01\PO Express Audio DJ Tools 2026-02 WK03\Tame Impala & JENNIE - Dracula (PO Intro Edit - JENNIE Remix) (2026).mp3,KJ_Jim,207,320,320kb,0.95MB/s
2026-06-18T13:39:59,download_final,Kendrick Lamar,Not Like Us,Not Like Us,Kendrick Lamar Not Like Us intro,Intro / Exact,443.0,Music\#DJ Pools\GeneMige\2026\GeneMige Music Pack 009\SickMix - Party Hits Vol.18\- Not Like Us Kendrick Lamar (Sickmix Intro) (Clean) 101.mp3,beatrice.songbird2,294,320,320kb,3.50MB/s
2026-06-18T13:40:33,download_final,Travis Scott,goosebumps,Birds In The Trap Sing McKnight,Travis Scott goosebumps intro,Intro / Exact,408.0,Music\#DJ Pools\2026\2026-01\Dj Pools Music Pack _[16 January 2026].\Bangerz Army\Travis Scott Ft. Kendrick Lamar - Goosebumps (Intro Clean) 130.mp3,beatrice.songbird2,192,320,320kb,3.50MB/s
2026-06-18T13:41:06,download_final,"Cardi B, Bad Bunny, J Balvin",I Like It,Invasion of Privacy,I Like It intro,Intro / Title Only,226.75,@@eikha\ALL MUSIC\Cardi B - I Like It (Intro Clean).mp3,DJStan71,317,320,320kb,4.47MB/s
2026-06-18T13:41:49,download_final,Tyla,CHANEL,CHANEL,CHANEL intro,Intro / Title Only,436.0,"@@etrhu\My Music\House, Pop, Dance & Techno\2020's\Tyla - Chanel (2025)\04. Tyla - Chanel (Intro) (Clean).mp3",DJ T-Bone,217,161,161kb,0.43MB/s
2026-06-18T13:42:34,download_final,Lil Tecca,Ransom,Ransom,Ransom intro,Intro / Title Only,438.0,@@dlwfh\Hip hop\Lil Tecca - Ransom (Dj Rukus Intro Edit) (Clean).mp3,DJLee,138,320,320kb,0.60MB/s
2026-06-18T13:43:14,download_final,Central Cee,Doja,Doja,Doja intro,Intro / Title Only,405.0,@@xhojx\Music\Central Cee\@HEAVYHITSPOOL\Doja (HH Clean Intro).mp3,clf2008,137,320,320kb,1.48MB/s
2026-06-18T13:44:01,download_final,Central Cee,Doja,Doja,Doja intro,Intro / Title Only,443.0,Unsorted\All In One Partybreaks and Remixes\2025-10\Central Cee - Doja (Acap Outro) (Intro Clean).mp3,lwl,109,320,320kb,2.85MB/s
2026-06-18T13:46:04,download_final,"Clean Bandit, Jess Glynne",Rather Be,New Eyes,Rather Be intro,Intro / Title Only,358.0,@@ytgio\Music\Bistro Radio\2015\Clean Bandit ft Jess Glynne - Rather Be (CK Intro - Clean) 1A 121.mp3,morphik,238,320,320kb,0.57MB/s
2026-06-18T13:46:58,preview,PJ & Duncan,Lets Get Ready to Rhumble,Psyche,PJ & Duncan Lets Get Ready to Rhumble clean,Clean / Exact,365.0,@@diczv\#NewsVI-2024\bigbrian\CROOK\Pj & Duncan - Lets Get Ready To Rhumble (90s Redrum) (Clean) 108.mp3,Lghta,271,320,320kb,1.22MB/s
2026-06-18T13:48:47,download_final,Lady Gaga,Bad Romance,The Fame Monster (Deluxe Edition),Bad Romance intro,Intro / Title Only,438.0,@@htouc\Music Sets\Various DJ Remixes\Lady Gaga - Bad Romance (CK Intro) (Clean).mp3,KJ_Jim,290,259,259kb,0.95MB/s
2026-06-18T13:49:30,download_final,"Dave, Central Cee",Sprinter,Sprinter,Sprinter intro,Intro / Title Only,358.0,@@bbprr\favourite artists 2026\Dave ft Central Cee\Unknown Album\Sprinter (Hh Clean Intro) 141.mp3,chuks1111,276,320,320kb,0.76MB/s
2026-06-18T13:50:21,preview,Zion & Lennox,Yo Voy,Motivando a la Yal,Yo Voy intro,Intro / Title Only,148.0,Shared\Musica Isma\Yo Voy (Intro Clean).mp3,pumpermaniacpc,254,320,320kb,2.73MB/s
2026-06-18T13:50:37,keep_preview,Zion & Lennox,Yo Voy,Motivando a la Yal,Yo Voy intro,Intro / Title Only,148.0,Shared\Musica Isma\Yo Voy (Intro Clean).mp3,pumpermaniacpc,254,320,320kb,2.73MB/s
2026-06-18T13:50:55,download_final,"Mora, YOVNGCHIMI",MODELITO,PARAÍSO,MODELITO intro,Intro / Title Only,212.5,m tl1\Dj Pools Music Pack [17 March 2026]\Just Play Remix\Mora - Modelito - Dj Alfonso Vera - Intro Outro - 145bpm - Jpr.mp3,TauAs,178,320,320kb,1.76MB/s
2026-06-18T13:51:23,download_final,"N.O.R.E., Daddy Yankee, Nina Sky, Gemstar, Big Mato",Oye Mi Canto,N.O.R.E. Y La Familia,Oye Mi Canto intro,Intro / Title Only,296.0,"Music\Nore ft Nina Sky, Daddy Yankee, Big Mato\Unknown Album\Oye Mi Canto (Intro - Clean).mp3",FartyPants,220,320,320kb,0.44MB/s
2026-06-18T13:52:10,download_final,"Eladio Carrion, Myke Towers",Jóvenes Millonarios,Sauce Boyz 2,Jóvenes Millonarios intro,Intro / Title Only,60.5,MP3\DJ Pools\Dj Pools Music Pack [03 August 2025]\Da Throwbackz\Eladio Carrion & Myke Towers - Jovenes Millonarios (Intro - Dirty) 137.mp3,zombies1337,196,320,320kb,2.34MB/s
2026-06-18T13:52:35,download_final,"Bad Bunny, Bomba Estéreo",Ojitos Lindos,Un Verano Sin Ti,Ojitos Lindos intro,Intro / Title Only,443.0,"Unsorted\All In One Partybreaks and Remixes\2025-10\Bad Bunny, Bomba Estéreo - Ojitos Lindos (Sickmix Intro) (Clean) 159.mp3",lwl,300,320,320kb,2.85MB/s
2026-06-18T13:53:13,download_final,"Bad Bunny, Bomba Estéreo",Ojitos Lindos,Un Verano Sin Ti,"Bad Bunny, Bomba Estéreo intro",Intro / Broad,443.0,"Unsorted\All In One Partybreaks and Remixes\2025-10\Bad Bunny, Bomba Estéreo - Ojitos Lindos (Sickmix Intro) (Clean) 159.mp3",lwl,300,320,320kb,2.85MB/s
2026-06-18T13:53:59,download_final,"FloyyMenor, Cris MJ",Gata Only,Gata Only,Gata Only intro,Intro / Title Only,363.0,@@eikha\ALL MUSIC\FloyyMenor feat. Cris Mj - Gata Only (Intro Clean).mp3,DJStan71,206,320,320kb,4.47MB/s
2026-06-18T13:54:32,download_final,Daddy Yankee,"Lo Que Pasó, Pasó",Barrio Fino (Bonus Track Version),"Lo Que Pasó, Pasó intro",Intro / Title Only,368.0,Music\#DJ Pools\2026\2026-03\2026-03-01\Just Play Remix\Daddy Yankee - Lo Que Pasó Pasó - Dj Angelo Vera - Intro Outro - 97bpm - Jpr.mp3,beatrice.songbird2,193,320,320kb,3.50MB/s
2026-06-18T13:54:56,download_final,"Bad Bunny, JHAYCO",Tarot,Un Verano Sin Ti,Tarot intro,Intro / Title Only,296.33333333333337,@@eikha\ALL MUSIC\Bad Bunny & Jhay Cortez - Tarot (DJcity Intro Clean).mp3,DJStan71,261,320,320kb,4.47MB/s
2026-06-18T13:55:31,download_final,"will.i.am, Britney Spears",Scream & Shout,#willpower,Scream & Shout intro,Intro / Title Only,443.0,"Unsorted\The Mash Up\2025\1104\Will.I.Am, Britney Spears - Scream & Shout (TMU Throwback Intro) (Clean) 6A 130.mp3",lwl,266,320,320kb,2.85MB/s
2026-06-18T13:56:14,download_final,Kesha,TiK ToK,Animal (Expanded Edition),TiK ToK intro,Intro / Title Only,447.0,Music\beatport_tracks_2024-02\Kesha - Tik Tok (Intro Clean).mp3,dj_scrapcirkit,228,320,320kb,19.47MB/s
2026-06-23T12:57:18,download_final,"Earth, Wind & Fire, The Emotions",Boogie Wonderland with The Emotions,I Am,Boogie Wonderland,Manual,313.0,"music\Earth, Wind & Fire, The Emotions - Boogie Wonderland (with The Emotions).mp3",hamzadabest_skd,289,238,238kb,2.76MB/s
2026-06-23T12:58:34,download_final,"Lady Gaga, Colby O'Donis",Just Dance,The Fame,"Lady Gaga, Colby O'Donis Just Dance",Normal / Exact,317.0,"Music-Pond-Assorted\FreezerMusic\Lady Gaga\The Fame Monster (International Deluxe)\01. Lady Gaga, Colby O'Donis - Just Dance.flac",meridian1,241,,29.4MB,7.14MB/s
2026-06-23T12:59:09,download_final,Kesha,We R Who We R,Cannibal (Expanded Edition),Kesha We R Who We R clean,Clean / Exact,386.0,Music\#DJ Pools\2026\2026-02\2026-02-02\SickMix - Party Hits Vol.28\Kesha - We R Who We R (Sickmix Intro) (Clean) 120.mp3,beatrice.songbird2,240,320,320kb,3.78MB/s
2026-06-23T13:02:11,preview,Dizzee Rascal,Bassline Junkie,The Fifth (Deluxe),Dizzee Rascal clean,Clean / Broad,25.0,Unsorted\All In One Partybreaks and Remixes\2025-10\Dizzee Rascal - Bonkers (Remix) (Intro Clean).mp3,lwl,309,320,320kb,9.01MB/s
2026-06-23T13:07:10,preview,Black Eyed Peas,Pump It,Monkey Business,Black Eyed Peas Pump It clean,Clean / Exact,363.0,@@htouc\Music Sets\Promo Only\PO Mainstream Radio\PO Mainstream Radio 2006\PO Mainstream Radio 2006-02\The Black Eyed Peas - Pump It (Clean Edit).mp3,KJ_Jim,216,217,217kb,0.80MB/s
2026-06-23T13:07:54,keep_preview,Black Eyed Peas,Pump It,Monkey Business,Black Eyed Peas Pump It clean,Clean / Exact,363.0,@@htouc\Music Sets\Promo Only\PO Mainstream Radio\PO Mainstream Radio 2006\PO Mainstream Radio 2006-02\The Black Eyed Peas - Pump It (Clean Edit).mp3,KJ_Jim,216,217,217kb,0.80MB/s
2026-06-23T13:08:36,preview,"Dizzee Rascal, Armand Van Helden",Bonkers,Tongue N' Cheek (Dirtee Deluxe Edition),Bonkers intro,Intro / Title Only,232.0,Music\#DJ Pools\2026\2026-02\2026-02-08\Bangerz Army\Dizzee Rascal - Bonkers (Remix) (Intro Clean) 128.mp3,beatrice.songbird2,309,320,320kb,3.78MB/s
2026-06-23T13:09:02,keep_preview,"Dizzee Rascal, Armand Van Helden",Bonkers,Tongue N' Cheek (Dirtee Deluxe Edition),Bonkers intro,Intro / Title Only,232.0,Music\#DJ Pools\2026\2026-02\2026-02-08\Bangerz Army\Dizzee Rascal - Bonkers (Remix) (Intro Clean) 128.mp3,beatrice.songbird2,309,320,320kb,3.78MB/s
2026-06-23T13:09:31,preview,Tinie Tempah,Pass Out,Disc-Overy,Tinie Tempah Pass Out clean,Clean / Exact,361.0,@@qodle\PRO2 Various (Coletaneas)\VA - 2020 100 Greatest Number Ones (The Best No.1s Ever) (320)\40 - Tinie Tempah - Pass Out (Clean).mp3,FLASHBACK6070,267,320,320kb,0.47MB/s
2026-06-23T13:09:57,preview,Tinie Tempah,Pass Out,Disc-Overy,Tinie Tempah Pass Out clean,Clean / Exact,372.0,@@pecnj\MUSIC\PROMO ONLY SERIES\PO RHYTHM CLUB\PO RHYTHM CLUB 2011\PO RHYTHM CLUB 2011-12\TINIE TEMPAH - PASS OUT (CLEAN).mp3,SinginRed,213,248,248kb,5.12MB/s
2026-06-23T13:10:21,preview,Tinie Tempah,Pass Out,Disc-Overy,Tinie Tempah Pass Out clean,Clean / Exact,372.0,Shared\Oma Musiikki\Uusi91\02-tinie_tempah-pass_out_(album_version_-_clean).mp3,rose_moo,268,211,211kb,6.00MB/s
2026-06-23T13:10:35,keep_preview,Tinie Tempah,Pass Out,Disc-Overy,Tinie Tempah Pass Out clean,Clean / Exact,372.0,Shared\Oma Musiikki\Uusi91\02-tinie_tempah-pass_out_(album_version_-_clean).mp3,rose_moo,268,211,211kb,6.00MB/s
2026-06-23T13:11:42,download_final,Backstreet Boys,Everybody Backstreet's Back,Backstreet's Back,Everybody Backstreet's Back intro,Intro / Title Only,361.0,Various Artists\Beatjunkies\Backstreet Boys - Everybody (Backstreet-'s Back) (DJ Dynamite Intro edit).mp3,Autobahn+,176,320,320kb,0.48MB/s
2026-06-23T13:11:55,download_final,Backstreet Boys,Everybody Backstreet's Back,Backstreet's Back,Everybody Backstreet's Back intro,Intro / Title Only,368.0,djpack\Dj Pools Music Pack [25 January 2026]\BeatJunkies [Throwback] [2016]\Backstreet Boys - Everybody (Backstreet's Back) (Dj Dynamite Intro Edit) 108.mp3,bernardb1995,176,320,320kb,3.58MB/s
2026-06-23T13:12:55,preview,Michael Jackson,Don't Stop 'Til You Get Enough,Off the Wall,Don't Stop 'Til You Get Enough intro,Intro / Title Only,436.0,@@fzssp\SERVIDOR 2024\SERVIDOR 3\SickMix - Disco Fever Vol. 1\Michael Jackson - Don't Stop 'Til You Get Enough (Sickmix Intro) (Clean) 120.mp3,CLUB DANCES RADIO,267,320,320kb,0.40MB/s
2026-06-23T13:13:17,preview,Michael Jackson,Don't Stop 'Til You Get Enough,Off the Wall,Don't Stop 'Til You Get Enough intro,Intro / Title Only,368.0,Share\Audio\Music\Michael Jackson\1979 - Off The Wall (Special Edition)\12. Michael Jackson - Don't Stop 'Til You Get Enough (Intro).mp3,kula35,13,320,320kb,4.71MB/s
2026-06-23T13:13:34,preview,Michael Jackson,Don't Stop 'Til You Get Enough,Off the Wall,Don't Stop 'Til You Get Enough intro,Intro / Title Only,337.0,00 a nicotine\MJArchive\Michael Jackson Remixes\Off The Wall\Don't Stop 'Till You Get Enough\Don't Stop 'Til You Get Enough (7'' Edit With Intro).flac,sabata94,255,,30.4MB,5.46MB/s
2026-06-23T13:14:44,preview,Michael Jackson,Don't Stop 'Til You Get Enough,Off the Wall,Michael Jackson Don't Stop 'Til You Get Enough,Manual,325.0,@@zlqwp\Muziek\Radio 2\Soul & Jazz Lijst 2019\101. Michael Jackson - Don't Stop 'Til You Get Enough.mp3,MUSIC=FUN,236,320,320kb,3.85MB/s
2026-06-23T13:15:13,keep_preview,Michael Jackson,Don't Stop 'Til You Get Enough,Off the Wall,Michael Jackson Don't Stop 'Til You Get Enough,Manual,325.0,@@zlqwp\Muziek\Radio 2\Soul & Jazz Lijst 2019\101. Michael Jackson - Don't Stop 'Til You Get Enough.mp3,MUSIC=FUN,236,320,320kb,3.85MB/s
2026-06-23T13:15:43,preview,Rihanna,Disturbia,Good Girl Gone Bad: Reloaded,Disturbia intro,Intro / Title Only,443.0,@@njdpu\2025\Rihanna - Disturbia (HH Clean Intro)_PN.mp3,SilasVZ,261,320,320kb,2.77MB/s
2026-06-23T13:16:06,preview,Rihanna,Disturbia,Good Girl Gone Bad: Reloaded,Disturbia intro,Intro / Title Only,440.0,MP3\DJ Pools\Dj Pools Music Pack [03 August 2025]\Russian Pack\Rihanna - Disturbia (Intro Clean) 125.mp3,zombies1337,276,320,320kb,1.59MB/s
2026-06-23T13:16:43,preview,Rihanna,Disturbia,Good Girl Gone Bad: Reloaded,Disturbia intro,Intro / Title Only,368.0,DJTools\LDS241 - DJ Service Music Archive\10.HALLOWEEN_JAMS_PT2_LDS241\Rihanna - Disturbia (Intro Edit).mp3,vargtimmenslskd,276,320,320kb,2.61MB/s
2026-06-23T13:17:00,keep_preview,Rihanna,Disturbia,Good Girl Gone Bad: Reloaded,Disturbia intro,Intro / Title Only,368.0,DJTools\LDS241 - DJ Service Music Archive\10.HALLOWEEN_JAMS_PT2_LDS241\Rihanna - Disturbia (Intro Edit).mp3,vargtimmenslskd,276,320,320kb,2.61MB/s
2026-06-23T13:20:42,download_final,Beyoncé,Single Ladies Put a Ring on It,I AM...SASHA FIERCE - Platinum Edition,Single Ladies Put a Ring on It intro,Intro / Title Only,115.0,@@puclh\05.10.26\complete\COMPLETE!!\DJ BILL BASS HIP HOP DJ EDITS MP3\DJ BILL BASS - OLD SCHOOL HIP HOP - DJ EDIT PACK - 42 BEYONCE - SINGLE LADIES (PUT A RING ON IT) (INTRO OUTRO).mp3,tonezy baby,219,253,253kb,1.02MB/s
2026-06-23T13:21:17,preview,Miley Cyrus,Party In The U.S.A.,The Time Of Our Lives (International Version),Party In The U.S.A. intro,Intro / Title Only,438.0,Expansion18.2\Music Done\PMEDiA-MP3 Pack\Various Artists - SickMix – Party Hits Vol.1 (2024)\Miley Cyrus - Party In The U.S.A. (Sickmix Intro) (Clean) 96.mp3,Leighrk,250,320,320kb,0.70MB/s
2026-06-23T13:22:19,keep_preview,Miley Cyrus,Party In The U.S.A.,The Time Of Our Lives (International Version),Party In The U.S.A. intro,Intro / Title Only,438.0,Expansion18.2\Music Done\PMEDiA-MP3 Pack\Various Artists - SickMix – Party Hits Vol.1 (2024)\Miley Cyrus - Party In The U.S.A. (Sickmix Intro) (Clean) 96.mp3,Leighrk,250,320,320kb,0.70MB/s
2026-06-23T13:24:02,preview,Jessie J,Domino,Who You Are (Platinum Edition),Domino intro,Intro / Title Only,438.0,@@pauuc\MP3's\Mark Urban\127 bpm - Jessie J - Domino [Intro - Clean] 2.mp3,Sando_Con,249,320,320kb,0.68MB/s
2026-06-23T13:24:41,keep_preview,Jessie J,Domino,Who You Are (Platinum Edition),Domino intro,Intro / Title Only,438.0,@@pauuc\MP3's\Mark Urban\127 bpm - Jessie J - Domino [Intro - Clean] 2.mp3,Sando_Con,249,320,320kb,0.68MB/s
2026-06-23T13:25:34,preview,"Pitbull, Ne-Yo",Time of Our Lives,Globalization,Time of Our Lives intro,Intro / Title Only,363.0,\Users\DeeGriff3\new music\Downloads\Pitbull - Time Of Our Lives (Intro - Clean).mp3,DJLOOSECANNON,1,320,320kb,2.10MB/s
2026-06-23T13:26:17,keep_preview,"Pitbull, Ne-Yo",Time of Our Lives,Globalization,Time of Our Lives intro,Intro / Title Only,363.0,\Users\DeeGriff3\new music\Downloads\Pitbull - Time Of Our Lives (Intro - Clean).mp3,DJLOOSECANNON,1,320,320kb,2.10MB/s
2026-06-23T13:26:38,download_final,"Iggy Azalea, Charli xcx",Fancy,The New Classic (Deluxe Version),Fancy intro,Intro / Title Only,363.0,Music\#DJ Pools\2026\2026-04\2026-04-06\Bpm Supreme\Iggy Azalea & Charli Xcx - Fancy (Intro Clean) 95.mp3,beatrice.songbird2,227,320,320kb,3.78MB/s
2026-06-23T13:29:20,preview,Taylor Swift,Shake It Off,1989 (Deluxe),Shake It Off intro,Intro / Title Only,438.0,@@ptcdd\MAIN MUSIC\ELECTRONIC\DJ Foo Larry Chris Cagle\Intros\Taylor Swift - Shake It Off (MMP Intro) (Clean).mp3,CirkuitShane,230,320,320kb,0.54MB/s
2026-06-23T13:30:03,keep_preview,Taylor Swift,Shake It Off,1989 (Deluxe),Shake It Off intro,Intro / Title Only,438.0,@@ptcdd\MAIN MUSIC\ELECTRONIC\DJ Foo Larry Chris Cagle\Intros\Taylor Swift - Shake It Off (MMP Intro) (Clean).mp3,CirkuitShane,230,320,320kb,0.54MB/s
2026-06-23T13:30:40,preview,Calvin Harris,Feel So Close,18 Months,Feel So Close intro,Intro / Title Only,440.0,@@lyxnz\Desktop\GENERAL CARPETAS\AGREGAR MAYO 2026 2\Calvin Harris - Feel So Close (Sickmix Intro) (Clean) 128.mp3,adriandj741,240,320,320kb,1.29MB/s
2026-06-23T13:31:32,keep_preview,Calvin Harris,Feel So Close,18 Months,Feel So Close intro,Intro / Title Only,440.0,@@lyxnz\Desktop\GENERAL CARPETAS\AGREGAR MAYO 2026 2\Calvin Harris - Feel So Close (Sickmix Intro) (Clean) 128.mp3,adriandj741,240,320,320kb,1.29MB/s
2026-06-23T13:33:48,preview,TLC,No Scrubs,Fanmail,No Scrubs intro,Intro / Title Only,440.0,Rekordbox Contents\Pen 1\Contents\Contents\TLC\No Scrubs [Single]\No Scrubs (Intro - Clean).mp3,keaton,247,320,320kb,1.05MB/s
2026-06-23T13:34:25,keep_preview,TLC,No Scrubs,Fanmail,No Scrubs intro,Intro / Title Only,440.0,Rekordbox Contents\Pen 1\Contents\Contents\TLC\No Scrubs [Single]\No Scrubs (Intro - Clean).mp3,keaton,247,320,320kb,1.05MB/s
2026-06-23T13:36:15,preview,One Direction,What Makes You Beautiful,Up All Night,What Makes You Beautiful intro,Intro / Title Only,438.0,@@htouc\Music Sets\Various DJ Remixes\One Direction - What Makes You Beautiful (CK Intro) (Clean).mp3,KJ_Jim,218,192,192kb,0.80MB/s
2026-06-23T13:36:57,keep_preview,One Direction,What Makes You Beautiful,Up All Night,What Makes You Beautiful intro,Intro / Title Only,438.0,@@htouc\Music Sets\Various DJ Remixes\One Direction - What Makes You Beautiful (CK Intro) (Clean).mp3,KJ_Jim,218,192,192kb,0.80MB/s
2026-06-23T13:38:13,preview,Taylor Swift,Look What You Made Me Do,reputation,Look What You Made Me Do intro,Intro / Title Only,443.0,djpack\Dj Pools Music Pack [07 November 2025]\Beatfreakz [Throwback] [2018]\Taylor Swift - Look What You Made Me Do (Intro) (Clean).mp3,bernardb1995,255,320,320kb,3.58MB/s
2026-06-23T13:38:36,preview,Taylor Swift,Look What You Made Me Do,reputation,Look What You Made Me Do intro,Intro / Title Only,440.0,@@xxnzr\SOULSEEK\complete\Musicmaster2023\THE MASH UP\The Mash Up - 0710-24\Taylor Swift - Look What You Made Me Do (TMU Intro) (Clean) 8A 128.mp3,RED PANTHA,240,320,320kb,1.03MB/s
2026-06-23T13:38:56,keep_preview,Taylor Swift,Look What You Made Me Do,reputation,Look What You Made Me Do intro,Intro / Title Only,440.0,@@xxnzr\SOULSEEK\complete\Musicmaster2023\THE MASH UP\The Mash Up - 0710-24\Taylor Swift - Look What You Made Me Do (TMU Intro) (Clean) 8A 128.mp3,RED PANTHA,240,320,320kb,1.03MB/s
2026-06-23T13:39:30,download_final,"Justin Bieber, Ludacris",Baby,My World 2.0,Baby intro,Intro / Title Only,363.0,Music\#DJ Pools\2026\2026-02\2026-02-02\MyMp3Pool\Justin Bieber Ft. Ludacris - Baby (Intro Edit) (Clean) 130.mp3,beatrice.songbird2,259,320,320kb,3.78MB/s
2026-06-23T13:42:50,download_final,MC Hammer,U Can't Touch This,Please Hammer Don't Hurt 'Em,U Can't Touch This intro,Intro / Title Only,436.0,@@nolco\slseek\MC Hammer - U Can't Touch This (Intro Clean).mp3,MilenYanev,259,320,320kb,0.32MB/s
2026-06-23T13:44:27,download_final,"Rihanna, Drake",Work,ANTI (Deluxe),Work intro,Intro / Title Only,358.0,@@ggqoh\Music\BPM Supreme June 2024\Rihanna ft Drake - Work (Intro Clean).mp3,barnburnaz,230,320,320kb,0.57MB/s
2026-06-23T13:45:20,download_final,"David Guetta, Bebe Rexha",I'm Good Blue,I'm Good (Blue),I'm Good Blue intro,Intro / Title Only,438.0,"Expansion18.2\Music Done\PMEDiA-MP3 Pack\Various Artists - SickMix – Party Hits Vol.1 (2024)\David Guetta, Bebe Rexha - I'm Good (Blue) (Sickmix Intro) (Clean) 128.mp3",Leighrk,198,320,320kb,0.70MB/s
