Track URI,Track Name,Album Name,Artist Name(s),Release Date,Duration (ms),Popularity,Explicit,Added By,Added At,Genres,Record Label,Danceability,Energy,Key,Loudness,Mode,Speechiness,Acousticness,Instrumentalness,Liveness,Valence,Tempo,Time Signature
spotify:track:2WQ09wqQBIOor7Q0VpIDBK,"Rock That Body","THE E.N.D. (THE ENERGY NEVER DIES) [Deluxe Version]","Black Eyed Peas",2009-01-01,268840,82,false,6y03p0a4f35o3502j5ihof2pv,2025-06-28T19:29:15Z,"","Interscope",0.715,0.907,7,-6.025,0,0.0993,0.0172,0.0000839,0.426,0.841,124.991,4
spotify:track:5ZrDlcxIDZyjOzHdYW1ydr,"Barbie Girl","Aquarium (Special Edition)","Aqua",1997-01-01,197960,79,false,6y03p0a4f35o3502j5ihof2pv,2025-06-28T19:36:59Z,"europop,eurodance","Universal Music A/S",0.812,0.879,1,-10.998,0,0.0397,0.017,0.224,0.365,0.962,129.991,4
spotify:track:3WOhcATHxK2SLNeP5W3v1v,"Guess featuring billie eilish","Guess featuring billie eilish","Charli xcx;Billie Eilish",2024-08-01,143330,76,false,6y03p0a4f35o3502j5ihof2pv,2025-06-28T19:37:05Z,"hyperpop,art pop","Atlantic Records",0.776,0.667,7,-6.622,1,0.0983,0.0146,0.3,0.0761,0.618,130.019,4
spotify:track:4fixebDZAVToLbUCuEloa2,"Womanizer","Circus (Deluxe Version)","Britney Spears",2008-12-02,224034,84,false,6y03p0a4f35o3502j5ihof2pv,2025-06-28T19:37:09Z,"pop","Jive",0.724,0.695,11,-5.226,1,0.0622,0.073,0,0.0889,0.235,139,4
spotify:track:6PwjJ58I4t7Mae9xfZ9l9v,"Somebody Told Me","Hot Fuss","The Killers",2004,197200,86,false,6y03p0a4f35o3502j5ihof2pv,2025-06-28T19:37:14Z,"alternative rock","Island Records",0.497,0.97,10,-4.851,0,0.0836,0.0000904,0.000674,0.101,0.689,138.081,4
spotify:track:22skzmqfdWrjJylampe0kt,"Can't Hold Us (feat. Ray Dalton)","The Heist","Macklemore;Ryan Lewis;Macklemore & Ryan Lewis;Ray Dalton",2012-10-09,258431,89,false,6y03p0a4f35o3502j5ihof2pv,2025-06-28T19:37:22Z,"","Macklemore",0.633,0.927,2,-4.468,1,0.0839,0.0267,0,0.0986,0.88,146.097,4
spotify:track:0k2GOhqsrxDTAbFFSdNJjT,"Temperature","The Trinity","Sean Paul",2005-09-27,216320,87,false,6y03p0a4f35o3502j5ihof2pv,2025-06-28T19:37:30Z,"dancehall","VP Records",0.951,0.6,0,-4.675,0,0.0685,0.106,0,0.0712,0.822,125.04,4
spotify:track:0KOustxsiLoUoWRrGmQw1c,"Dem Boy Paigon","The 15th Day","J Hus",2015-07-27,159320,1,true,6y03p0a4f35o3502j5ihof2pv,2025-06-28T19:37:45Z,"afroswing,grime,uk grime,afrobeats","J Hus",0.792,0.706,7,-8.49,1,0.382,0.396,0,0.0856,0.873,99.907,4
spotify:track:5p9XWUdvbUzmPCukOmwoU3,"Suddenly I See","Eye To The Telescope","KT Tunstall",2005-01-01,201706,82,false,6y03p0a4f35o3502j5ihof2pv,2025-06-28T19:37:54Z,"","Relentless/Virgin",0.587,0.767,0,-5.713,1,0.0449,0.225,0,0.112,0.664,100.38,4
spotify:track:2bLqfJjuC5syrsgDsZfGmn,"The Way I Are","Shock Value","Timbaland;Keri Hilson;D.O.E.",2007-01-01,179120,88,false,6y03p0a4f35o3502j5ihof2pv,2025-06-28T19:38:01Z,"","Interscope/Blackground Records",0.729,0.807,6,-6.492,1,0.0936,0.181,0.75,0.319,0.765,114.742,4
spotify:track:3YB6nCSuFqNiqOvPtAPK9X,"Be My Lover","Sweet Dreams","La Bouche",1995-03-11,241133,81,false,6y03p0a4f35o3502j5ihof2pv,2025-06-28T19:38:24Z,"eurodance,europop","MCI",0.673,0.841,1,-10.171,0,0.0304,0.00307,0.0000126,0.952,0.809,134.804,4
spotify:track:28qdL1yHti3BSu6AdLzWbg,"Bouff Daddy","Common Sense","J Hus",2017-05-12,205106,64,true,6y03p0a4f35o3502j5ihof2pv,2025-06-28T19:38:37Z,"afroswing,grime,uk grime,afrobeats","Black Butter",0.728,0.679,5,-3.736,0,0.247,0.0977,0.00000133,0.188,0.641,171.796,4
spotify:track:5rb9QrpfcKFHM1EUbSIurX,"Yeah! (feat. Lil Jon & Ludacris)","Confessions (Expanded Edition)","USHER;Lil Jon;Ludacris",2004-03-23,250373,89,false,6y03p0a4f35o3502j5ihof2pv,2025-06-28T19:38:42Z,"r&b,crunk,southern hip hop","LaFace Records",0.894,0.791,2,-4.699,1,0.112,0.0183,0,0.0388,0.583,105.018,4
spotify:track:6ztstiyZL6FXzh4aG46ZPD,"Boogie Wonderland (with The Emotions)","I Am","Earth, Wind & Fire;The Emotions",1979-06,288408,84,false,6y03p0a4f35o3502j5ihof2pv,2025-06-28T19:38:47Z,"funk,disco,motown","Columbia/Legacy",0.802,0.756,2,-10.791,0,0.0349,0.0843,0.00765,0.0521,0.963,131.715,4
spotify:track:4QNpBfC0zvjKqPJcyqBy9W,"Give Me Everything (feat. Nayer)","Planet Pit (Deluxe Version)","Pitbull;AFROJACK;Ne-Yo;Nayer",2011-06-17,252306,92,false,6y03p0a4f35o3502j5ihof2pv,2025-06-28T19:38:59Z,"edm,big room","Mr.305/Polo Grounds Music/J Records",0.671,0.939,8,-3.206,1,0.161,0.191,0,0.298,0.53,129.024,4
spotify:track:7vS3Y0IKjde7Xg85LWIEdP,"Problem","My Everything (Deluxe)","Ariana Grande;Iggy Azalea",2014-08-22,193920,83,false,6y03p0a4f35o3502j5ihof2pv,2025-06-28T19:39:03Z,"pop","Universal Records",0.66,0.805,1,-5.352,0,0.153,0.0192,0.00000883,0.159,0.625,103.021,4
spotify:track:1dzQoRqT5ucxXVaAhTcT0J,"Just Dance","The Fame","Lady Gaga;Colby O'Donis",2008-01-01,241933,86,false,6y03p0a4f35o3502j5ihof2pv,2025-06-28T19:39:17Z,"art pop,pop","Streamline/Interscope",0.822,0.739,1,-4.541,0,0.0311,0.0264,0.0000428,0.181,0.745,118.99,4
spotify:track:7eheoW4hxrH51ww2QePVwF,"Gonna Make You Sweat (Everybody Dance Now) (feat. Freedom Williams)","Super Hits","C & C Music Factory;Freedom Williams",2000-02-28,244093,71,false,6y03p0a4f35o3502j5ihof2pv,2025-06-28T19:39:25Z,"hip house","Columbia/Legacy",0.557,0.798,6,-7.405,1,0.0935,0.000851,0.665,0.183,0.793,112.117,4
spotify:track:3LUWWox8YYykohBbHUrrxd,"We R Who We R","Cannibal (Expanded Edition)","Kesha",2010-11-19,204760,81,false,6y03p0a4f35o3502j5ihof2pv,2025-06-28T19:39:30Z,"","RCA Records Label",0.736,0.817,8,-4.9,1,0.0407,0.00987,0.00167,0.117,0.653,119.95,4
spotify:track:2NBQmPrOEEjA8VbeWOQGxO,"Drop It Like It's Hot","R&G (Rhythm & Gangsta): The Masterpiece","Snoop Dogg;Pharrell Williams",2004-01-01,266066,80,true,6y03p0a4f35o3502j5ihof2pv,2025-06-28T19:39:51Z,"g-funk,west coast hip hop,gangster rap,old school hip hop,hip hop,rap","Geffen",0.888,0.632,1,-3.872,1,0.219,0.19,0,0.101,0.662,91.979,4
spotify:track:2RlgNHKcydI9sayD2Df2xp,"Mr. Blue Sky","Out of the Blue","Electric Light Orchestra",1977,303820,85,false,6y03p0a4f35o3502j5ihof2pv,2025-06-28T19:39:56Z,"art rock,soft rock","Epic/Legacy",0.388,0.338,10,-10.054,1,0.0329,0.652,0.00000373,0.248,0.478,177.765,4
spotify:track:6I9VzXrHxO9rA9A5euc8Ak,"Toxic","In The Zone","Britney Spears",2003-11-13,198800,89,false,6y03p0a4f35o3502j5ihof2pv,2025-06-28T19:40:02Z,"pop","Jive",0.774,0.838,5,-3.914,0,0.114,0.0249,0.025,0.242,0.924,143.04,4
spotify:track:1M4OcYkxAtu3ErzSgDEfoi,"Up","Up (Instrumental)","Cardi B",2021-02-04,156946,64,true,6y03p0a4f35o3502j5ihof2pv,2025-06-28T19:40:07Z,"","Atlantic Records",0.868,0.795,11,-6.044,1,0.269,0.0012,0.0193,0.0461,0.819,166,4
spotify:track:7w87IxuO7BDcJ3YUqCyMTT,"Pumped Up Kicks","Torches","Foster The People",2011-05-23,239600,90,false,6y03p0a4f35o3502j5ihof2pv,2025-06-28T19:40:10Z,"","Columbia",0.733,0.71,5,-5.849,0,0.0292,0.145,0.115,0.0956,0.965,127.975,4
spotify:track:3hlksXnvbKogFdPbpO9vel,"Super Bass","Pink Friday (Complete Edition)","Nicki Minaj",2010-11-22,200013,82,true,6y03p0a4f35o3502j5ihof2pv,2025-06-28T19:40:15Z,"","Nicki Minaj/Cash Money",0.723,0.86,11,-4.357,1,0.203,0.271,0.00000456,0.598,0.667,126.979,4
spotify:track:2yjlYDiNiQkdxVqTlaSrlX,"Super Freaky Girl","Queen Radio: Volume 1","Nicki Minaj",2022-08-26,170977,62,true,6y03p0a4f35o3502j5ihof2pv,2025-06-28T19:40:31Z,"","Republic Records",0.951,0.878,2,-2.565,1,0.211,0.0509,0.0000161,0.321,0.923,133.014,4
spotify:track:4356Typ82hUiFAynbLYbPn,"DJ Got Us Fallin' In Love (feat. Pitbull)","Raymond v Raymond (Expanded Edition)","USHER;Pitbull",2010-03-30,220800,88,false,6y03p0a4f35o3502j5ihof2pv,2025-06-28T19:40:38Z,"r&b","LaFace Records",0.663,0.861,7,-3.398,0,0.109,0.0338,0,0.082,0.654,119.963,4
spotify:track:2PpruBYCo4H7WOBJ7Q2EwM,"Hey Ya!","Speakerboxxx/The Love Below","Outkast",2003,235213,88,true,6y03p0a4f35o3502j5ihof2pv,2025-06-28T19:40:42Z,"southern hip hop,hip hop","Arista",0.727,0.974,4,-2.261,0,0.0664,0.103,0.000532,0.174,0.965,79.526,4
spotify:track:6JY1IdkZGeIcPegKxjSKeb,"Since U Been Gone","Breakaway","Kelly Clarkson",2004,188960,81,false,6y03p0a4f35o3502j5ihof2pv,2025-06-28T19:40:48Z,"christmas","RCA Records Label",0.662,0.739,9,-5.354,0,0.0322,0.00206,0.0603,0.113,0.382,130.999,4
spotify:track:1ChulFMnwxoD74Me8eX2TU,"You Spin Me Round (Like a Record)","Evolution: The Hits","Dead Or Alive",2003-05-19,195146,73,false,6y03p0a4f35o3502j5ihof2pv,2025-06-28T19:40:53Z,"hi-nrg,synthpop","Epic",0.554,0.963,6,-3.762,0,0.035,0.000244,0.0702,0.431,0.918,128.175,4
spotify:track:0SiywuOBRcynK0uKGWdCnn,"Bad Romance","The Fame Monster (Deluxe Edition)","Lady Gaga",2009-11-05,294573,89,true,6y03p0a4f35o3502j5ihof2pv,2025-06-28T19:40:58Z,"art pop,pop","Interscope",0.695,0.921,0,-3.752,1,0.0363,0.00314,0.0000526,0.0842,0.714,119.007,4
spotify:track:1Je1IMUlBXcx1Fz0WE7oPT,"Wannabe","Spice","Spice Girls",1996-01-01,173026,85,false,6y03p0a4f35o3502j5ihof2pv,2025-06-28T19:41:01Z,"","Virgin Records",0.768,0.864,11,-6.149,1,0.0324,0.101,0,0.162,0.891,110.009,4
spotify:track:6bOLRTULQUiXeVnxOIPZVA,"Gyal You a Party Animal","Gyal You a Party Animal","Charly Black",2015,214455,78,false,6y03p0a4f35o3502j5ihof2pv,2025-06-28T19:41:12Z,"dancehall,soca","Allezgo Productions",0.591,0.843,0,-5.196,1,0.148,0.0305,0,0.297,0.836,134.325,5
spotify:track:69kOkLUCkxIZYexIgSG8rq,"Get Lucky (feat. Pharrell Williams and Nile Rodgers)","Random Access Memories","Daft Punk;Pharrell Williams;Nile Rodgers",2013-05-20,369626,79,false,6y03p0a4f35o3502j5ihof2pv,2025-06-28T19:41:15Z,"french house,electronic,electro","Columbia",0.81,0.793,6,-9.404,0,0.0403,0.0378,0.00000177,0.072,0.863,116.05,4
spotify:track:1o1x4gUntwc9sqeMDWR9eE,"Bassline Junkie","The Fifth (Deluxe)","Dizzee Rascal",2013-01-01,204680,65,true,6y03p0a4f35o3502j5ihof2pv,2025-06-28T19:41:26Z,"grime,uk grime","Universal-Island Records Ltd.",0.919,0.543,8,-2.609,1,0.348,0.00875,0,0.104,0.856,138.889,4
spotify:track:3C0nOe05EIt1390bVABLyN,"On The Floor","Love?","Jennifer Lopez;Pitbull",2011-04-29,284866,93,false,6y03p0a4f35o3502j5ihof2pv,2025-06-28T19:41:29Z,"","Nuyorican Productions / IDJ",0.73,0.777,3,-5.194,0,0.0496,0.105,0.000486,0.0691,0.575,130.003,4
spotify:track:3MjUtNVVq3C8Fn0MP3zhXa,"...Baby One More Time","...Baby One More Time (Digital Deluxe Version)","Britney Spears",1999-01-12,211066,88,false,6y03p0a4f35o3502j5ihof2pv,2025-06-28T19:42:45Z,"pop","Jive",0.759,0.699,0,-5.745,0,0.0307,0.202,0.000131,0.443,0.907,92.96,4
spotify:track:3yfqSUWxFvZELEM4PmlwIR,"The Real Slim Shady","The Marshall Mathers LP","Eminem",2000-05-23,284200,87,true,6y03p0a4f35o3502j5ihof2pv,2025-06-28T19:42:49Z,"rap,hip hop","Eminem Catalog PS",0.949,0.661,5,-4.244,0,0.0572,0.0302,0,0.0454,0.76,104.504,4
spotify:track:4PTG3Z6ehGkBFwjybzWkR8,"Never Gonna Give You Up","Whenever You Need Somebody","Rick Astley",1987-11-12,213573,83,false,6y03p0a4f35o3502j5ihof2pv,2025-06-28T19:42:53Z,"","BMG Rights Management (UK) Ltd.",0.721,0.939,8,-11.823,1,0.0376,0.115,0.0000379,0.108,0.914,113.309,4
spotify:track:2iJuuzV8P9Yz0VSurttIV5,"Scream & Shout","#willpower","will.i.am;Britney Spears",2013-01-01,283400,85,true,6y03p0a4f35o3502j5ihof2pv,2025-06-28T19:43:00Z,"pop","Interscope",0.772,0.685,5,-6.849,1,0.0696,0.019,0.0000896,0.131,0.501,130.039,4
spotify:track:02jcEwywffn3Tsb48fXmlW,"Get the Party Started","M!ssundaztood (Expanded Edition)","P!nk",2001,192533,73,false,6y03p0a4f35o3502j5ihof2pv,2025-06-28T19:43:04Z,"","Arista",0.802,0.903,11,-3.267,0,0.046,0.0011,0,0.173,0.96,128.93,4
spotify:track:0jDWRUbxSn8zQlwFbeLHwo,"Evacuate The Dancefloor","Evacuate The Dancefloor","Cascada",2009-01-01,207200,6,false,6y03p0a4f35o3502j5ihof2pv,2025-06-28T19:43:21Z,"europop,eurodance,nightcore","UMOD (Universal Music On Demand)",0.762,0.702,0,-5.87,1,0.0432,0.0167,0,0.314,0.898,127.029,4
spotify:track:0WbMK4wrZ1wFSty9F7FCgu,"Good Luck, Babe!","Good Luck, Babe!","Chappell Roan",2024-04-05,218423,91,false,6y03p0a4f35o3502j5ihof2pv,2025-06-28T19:43:46Z,"","Chappell Roan PS/ Island",0.7,0.582,11,-5.96,0,0.0356,0.0502,0,0.0881,0.785,116.712,4
spotify:track:0CAfXk7DXMnon4gLudAp7J,"Low (feat. T-Pain)","Mail on Sunday","Flo Rida;T-Pain",2008-03-17,231400,88,false,6y03p0a4f35o3502j5ihof2pv,2025-06-28T19:43:52Z,"","Poe Boy/Atlantic",0.918,0.609,10,-5.64,0,0.0791,0.0928,0,0.139,0.304,128.008,4
spotify:track:0HPD5WQqrq7wPWR7P7Dw1i,"TiK ToK","Animal (Expanded Edition)","Kesha",2010-01-01,199693,88,false,6y03p0a4f35o3502j5ihof2pv,2025-06-28T19:43:59Z,"","RCA Records Label",0.755,0.837,2,-2.718,0,0.142,0.0991,0,0.289,0.714,120.028,4
spotify:track:22yRHdYBLZMi7xnvBioqkP,"SLUT ME OUT 2","SLUT ME OUT 2","NLE Choppa",2024-04-12,135058,64,true,6y03p0a4f35o3502j5ihof2pv,2025-06-28T19:44:07Z,"","Warner Records",0.718,0.624,1,-6.666,1,0.235,0.0383,0,0.0547,0.456,127.929,4
spotify:track:2goLsvvODILDzeeiT4dAoR,"Believe","Believe","Cher",1998,239026,85,false,6y03p0a4f35o3502j5ihof2pv,2025-06-28T19:44:17Z,"","Warner Records",0.652,0.917,6,-6.72,1,0.0548,0.0082,0,0.0509,0.459,132.975,4
spotify:track:1QV6tiMFM6fSOKOGLMHYYg,"Poker Face","The Fame","Lady Gaga",2008-01-01,237200,87,true,6y03p0a4f35o3502j5ihof2pv,2025-06-28T19:44:51Z,"art pop,pop","Streamline/Interscope",0.851,0.806,4,-4.618,1,0.0787,0.119,0.00000172,0.121,0.774,119.001,4
spotify:track:0TwBtDAWpkpM3srywFVOV5,"Crazy In Love (feat. JAY-Z)","Dangerously In Love","Beyoncé;JAŸ-Z",2003-03-10,235933,85,false,6y03p0a4f35o3502j5ihof2pv,2025-06-28T19:45:05Z,"hip hop,east coast hip hop,rap","Columbia",0.664,0.759,2,-6.583,0,0.209,0.00238,0,0.0598,0.701,99.252,4
spotify:track:6etwirSInfuJrSOlogS6Sh,"American Boy","Shine","Estelle;Kanye West",2008-03-28,284733,87,true,6y03p0a4f35o3502j5ihof2pv,2025-06-28T19:45:12Z,"rap","Round Hill Records",0.693,0.729,0,-2.99,1,0.378,0.171,0,0.07,0.521,117.848,4
spotify:track:2ygMBIctKIAfbEBcT9065L,"Pump It","Monkey Business","Black Eyed Peas",2005-01-01,213066,87,true,6y03p0a4f35o3502j5ihof2pv,2025-06-28T19:45:15Z,"","Interscope",0.648,0.931,1,-3.15,0,0.181,0.00937,0,0.752,0.744,153.649,4
spotify:track:6ddQ5KCkvCggk3j6KdA0zL,"Bonkers","Tongue N' Cheek (Dirtee Deluxe Edition)","Dizzee Rascal;Armand Van Helden",2011-01-01,177573,69,false,6y03p0a4f35o3502j5ihof2pv,2025-06-28T19:45:22Z,"grime,uk grime,disco house","Universal-Island Records Ltd.",0.624,0.977,11,-3.34,0,0.22,0.00615,0,0.253,0.74,126.12,4
spotify:track:2cY7WSxFIsZQaoDNJe7Fz3,"Pass Out","Disc-Overy","Tinie Tempah",2010,268053,66,true,6y03p0a4f35o3502j5ihof2pv,2025-06-28T19:45:34Z,"grime","Parlophone UK",0.693,0.891,1,-3.261,1,0.296,0.0281,0,0.143,0.532,91.1,4
spotify:track:20I8RduZC2PWMWTDCZuuAN,"Take Me Out","Franz Ferdinand","Franz Ferdinand",2004-02-16,237026,87,false,6y03p0a4f35o3502j5ihof2pv,2025-06-28T19:45:53Z,"indie rock","Domino Recording Co",0.277,0.663,4,-8.821,0,0.0377,0.000409,0.00051,0.136,0.527,104.561,4
spotify:track:0OTO8ZF2YqFQVw9hnZylTd,"What Is Love - 7"" Mix","The Album","Haddaway",1993-09-13,270373,86,false,6y03p0a4f35o3502j5ihof2pv,2025-06-28T19:45:59Z,"eurodance","BMG Rights Management GmbH",0.683,0.772,7,-7.907,0,0.031,0.0222,0.0156,0.203,0.738,123.869,4
spotify:track:0eH2eHURaXUP15D8gQlfjx,"LoveGame","The Fame","Lady Gaga",2008-01-01,216333,78,false,6y03p0a4f35o3502j5ihof2pv,2025-06-28T19:46:10Z,"art pop,pop","Streamline/Interscope",0.894,0.678,6,-5.611,0,0.0523,0.00569,0.00000243,0.317,0.844,105.029,4
spotify:track:7jk7gqyEonmVVYahZN5zhW,"Circus","Circus (Deluxe Version)","Britney Spears",2008-12-02,192359,82,false,6y03p0a4f35o3502j5ihof2pv,2025-06-28T19:46:33Z,"pop","Jive",0.791,0.733,6,-5.215,0,0.052,0.147,0.000381,0.0713,0.761,114.98,4
spotify:track:1Fxp4LBWsNC58NwnGAXJld,"Down With The Trumpets","Stereo Typical","Rizzle Kicks",2011-01-01,186851,61,false,6y03p0a4f35o3502j5ihof2pv,2025-06-28T19:46:37Z,"","Universal-Island Records Ltd.",0.753,0.88,4,-4.689,0,0.0806,0.087,0,0.24,0.794,115.057,4
spotify:track:02XnQdf7sipaKBBHixz3Zp,"Paparazzi","The Fame","Lady Gaga",2008-01-01,208306,83,true,6y03p0a4f35o3502j5ihof2pv,2025-06-28T19:46:43Z,"art pop,pop","Streamline/Interscope",0.762,0.692,5,-3.973,0,0.0437,0.112,0,0.094,0.397,114.903,4
spotify:track:1di1BEgJYzPvXUuinsYJGP,"Everybody (Backstreet's Back) - Radio Edit","Backstreet's Back","Backstreet Boys",1997-08-12,225360,83,false,6y03p0a4f35o3502j5ihof2pv,2025-06-28T19:46:59Z,"","Jive",0.731,0.853,10,-4.219,0,0.0363,0.0352,0,0.268,0.605,108.016,4
spotify:track:46eu3SBuFCXWsPT39Yg3tJ,"Don't Stop 'Til You Get Enough","Off the Wall","Michael Jackson",1979-08-10,364441,95,false,6y03p0a4f35o3502j5ihof2pv,2025-06-28T19:47:05Z,"","Epic",0.878,0.821,11,-9.875,1,0.089,0.126,0.0461,0.183,0.947,118.881,4
spotify:track:1H5tvpoApNDxvxDexoaAUo,"Who Let The Dogs Out","Who Let The Dogs Out","Baha Men",2000,198400,73,false,6y03p0a4f35o3502j5ihof2pv,2025-06-28T19:47:14Z,"","Capitol Records",0.869,0.887,0,-4.505,1,0.0992,0.0605,0,0.148,0.784,129.223,4
spotify:track:7pYfyrMNPn3wtoCyqcTVoI,"Moves Like Jagger - Studio Recording From ""The Voice"" Performance","Hands All Over (Revised International Standard version)","Maroon 5;Christina Aguilera",2010,201493,85,false,6y03p0a4f35o3502j5ihof2pv,2025-06-28T19:47:28Z,"pop","Interscope Records*",0.722,0.761,11,-4.46,0,0.0475,0.0119,0,0.315,0.624,128.046,4
spotify:track:30VrBsh1STRBoIrhQOAwzK,"Disturbia","Good Girl Gone Bad: Reloaded","Rihanna",2007-03-31,238573,73,false,6y03p0a4f35o3502j5ihof2pv,2025-06-28T19:47:29Z,"","Def Jam Recordings",0.703,0.814,11,-4.517,0,0.0573,0.0885,0,0.219,0.717,124.903,4
spotify:track:4wH4dJgrsxONID6KS2tDQM,"Maneater","Loose","Nelly Furtado",2006-01-01,258893,87,false,6y03p0a4f35o3502j5ihof2pv,2025-06-28T19:47:35Z,"","Mosley / Geffen",0.796,0.778,6,-4.81,1,0.0397,0.0258,0.000386,0.121,0.789,132.724,4
spotify:track:2LEF1A8DOZ9wRYikWgVlZ8,"Good Feeling","Wild Ones","Flo Rida",2012-06-22,248133,85,false,6y03p0a4f35o3502j5ihof2pv,2025-06-28T19:47:37Z,"","Poe Boy/Atlantic",0.706,0.89,1,-4.444,0,0.0688,0.0588,0.00286,0.306,0.684,128.011,4
spotify:track:7EQGXaVSyEDsCWKmUcfpLk,"Die Young","Warrior (Expanded Edition)","Kesha",2012-11-30,211920,84,false,6y03p0a4f35o3502j5ihof2pv,2025-06-28T19:47:39Z,"","Kemosabe Records/RCA Records",0.711,0.7,1,-4.805,0,0.046,0.00498,0.000125,0.215,0.801,128.001,4
spotify:track:2gam98EZKrF9XuOkU13ApN,"Promiscuous","Loose","Nelly Furtado;Timbaland",2006-01-01,242293,90,false,6y03p0a4f35o3502j5ihof2pv,2025-06-28T19:47:42Z,"","Mosley / Geffen",0.808,0.97,10,-6.098,0,0.0504,0.0573,0.0000617,0.154,0.868,114.328,4
spotify:track:6CjtS2JZH9RkDz5UVInsa9,"Thrift Shop (feat. Wanz)","The Heist","Macklemore & Ryan Lewis;Macklemore;Ryan Lewis;Wanz",2012-10-09,235613,83,true,6y03p0a4f35o3502j5ihof2pv,2025-06-28T19:47:44Z,"g-funk,west coast hip hop","Macklemore",0.781,0.526,6,-6.986,0,0.293,0.0633,0,0.0457,0.665,94.993,4
spotify:track:557un1HgwYMuqfWGSTmnxw,"Single Ladies (Put a Ring on It)","I AM...SASHA FIERCE - Platinum Edition","Beyoncé",2008,192586,73,false,6y03p0a4f35o3502j5ihof2pv,2025-06-28T19:47:48Z,"","Music World Music/Columbia",0.426,0.584,1,-5.293,1,0.296,0.0383,0,0.192,0.272,193.438,4
spotify:track:3d0WouFnFmr0K3kjeza3fF,"Hips Don't Lie (feat. Wyclef Jean)","Oral Fixation, Vol. 2 (Expanded Edition)","Shakira;Wyclef Jean",2005-11-28,220360,92,false,6y03p0a4f35o3502j5ihof2pv,2025-06-28T19:47:49Z,"latin pop","Epic",0.778,0.824,10,-5.892,0,0.0707,0.284,0,0.358,0.758,100.024,4
spotify:track:3E7dfMvvCLUddWissuqMwr,"Party In The U.S.A.","The Time Of Our Lives (International Version)","Miley Cyrus",2009-01-01,202066,85,false,6y03p0a4f35o3502j5ihof2pv,2025-06-28T19:47:50Z,"","Hollywood Records",0.652,0.698,10,-4.667,0,0.042,0.00112,0.000115,0.0886,0.47,96.021,4
spotify:track:5ka2ajep9OAvU5Sgduhiex,"Applause","ARTPOP","Lady Gaga",2013-11-11,212333,81,false,6y03p0a4f35o3502j5ihof2pv,2025-06-28T19:47:53Z,"art pop,pop","Interscope",0.668,0.78,7,-4.287,0,0.053,0.0265,0.00000163,0.143,0.738,139.945,4
spotify:track:495O1Affo7AurEPQcvcr18,"Cooler Than Me - Single Mix","31 Minutes to Takeoff","Mike Posner;Gigamesh",2010,213293,68,false,6y03p0a4f35o3502j5ihof2pv,2025-06-28T19:47:54Z,"nu disco,french house,indie dance","J Records",0.75,0.818,7,-4.601,0,0.0551,0.146,0,0.686,0.652,129.963,4
spotify:track:20I6sIOMTCkB6w7ryavxtO,"Call Me Maybe","Kiss","Carly Rae Jepsen",2012-01-01,193400,86,false,6y03p0a4f35o3502j5ihof2pv,2025-06-28T19:47:58Z,"","Silent Records IGA",0.782,0.58,7,-6.548,1,0.0407,0.0114,0.00000228,0.108,0.66,120.021,4
spotify:track:6s8nHXTJVqFjXE4yVZPDHR,"Troublemaker (feat. Flo Rida)","Right Place Right Time (Expanded Edition)","Olly Murs;Flo Rida",2012-11-26,185586,78,false,6y03p0a4f35o3502j5ihof2pv,2025-06-28T19:48:01Z,"","Epic",0.762,0.863,0,-3.689,0,0.0561,0.015,0,0.125,0.965,106.012,4
spotify:track:76hfruVvmfQbw0eYn1nmeC,"Cake By The Ocean","DNCE","DNCE",2016-11-18,219146,86,true,6y03p0a4f35o3502j5ihof2pv,2025-06-28T19:48:03Z,"","Joseph Jonas/Republic Records",0.774,0.753,4,-5.446,0,0.0517,0.152,0,0.0371,0.896,119.002,4
spotify:track:0TVV2gFROJaB3kIZyCUvIY,"Rather Be (feat. Jess Glynne)","New Eyes","Clean Bandit;Jess Glynne",2014-05-09,227833,70,false,6y03p0a4f35o3502j5ihof2pv,2025-06-28T19:48:06Z,"","Atlantic Records UK",0.799,0.586,11,-6.735,1,0.0377,0.162,0.00000203,0.193,0.549,120.97,4
spotify:track:2fQxE0jVrjNMT9oJAXtSJR,"Domino","Who You Are (Platinum Edition)","Jessie J",2011-01-01,231840,80,false,6y03p0a4f35o3502j5ihof2pv,2025-06-28T19:48:09Z,"","Lava Music/Republic Records",0.758,0.557,7,-4.568,1,0.034,0.0117,0,0.0418,0.781,126.986,4
spotify:track:0Oe49j06Bjrxs8PltuVeaW,"On The Floor - Radio Edit","On The Floor","Jennifer Lopez;Pitbull",2011-02-18,230906,83,false,6y03p0a4f35o3502j5ihof2pv,2025-06-28T19:48:10Z,"","Nuyorican Productions / IDJ",0.758,0.686,11,-6.346,1,0.0792,0.0848,0.00133,0.142,0.444,130.008,4
spotify:track:4Y7XAxTANhu3lmnLAzhWJW,"Fireball (feat. John Ryan)","Globalization","Pitbull;John Ryan",2014-11-24,236253,86,false,6y03p0a4f35o3502j5ihof2pv,2025-06-28T19:48:15Z,"","Mr.305/Polo Grounds Music/RCA Records",0.761,0.933,10,-5.38,1,0.056,0.0908,0.0000853,0.0607,0.836,122.959,4
spotify:track:2bJvI42r8EF3wxjOuDav4r,"Time of Our Lives","Globalization","Pitbull;Ne-Yo",2014-11-24,229358,89,true,6y03p0a4f35o3502j5ihof2pv,2025-06-28T19:48:17Z,"","Mr.305/Polo Grounds Music/RCA Records",0.721,0.802,1,-5.797,1,0.0583,0.0921,0,0.694,0.724,124.022,4
spotify:track:3W3KtDwAIg3mAruSpnfG3Q,"Fancy","The New Classic (Deluxe Version)","Iggy Azalea;Charli xcx",2014-01-01,199938,73,true,6y03p0a4f35o3502j5ihof2pv,2025-06-28T19:48:22Z,"hyperpop,art pop","EMI",0.912,0.716,10,-4.141,0,0.0698,0.0904,0,0.0491,0.377,94.981,4
spotify:track:5eqiMMbaeUZ32Q7sS00H35,"Anaconda","The Pinkprint (International Deluxe Explicit)","Nicki Minaj",2014-12-12,260239,69,true,6y03p0a4f35o3502j5ihof2pv,2025-06-28T19:48:57Z,"","Nicki Minaj/Cash Money",0.964,0.605,9,-6.223,1,0.179,0.0668,0.00000778,0.214,0.646,129.996,4
spotify:track:62zFEHfAYl5kdHYOivj4BC,"International Love (feat. Chris Brown)","Planet Pit (Deluxe Version)","Pitbull;Chris Brown",2011-06-17,227280,85,false,6y03p0a4f35o3502j5ihof2pv,2025-06-28T19:48:58Z,"r&b","Mr.305/Polo Grounds Music/J Records",0.67,0.855,0,-3.035,0,0.0499,0.0124,0,0.335,0.648,120.05,4
spotify:track:6ebkx7Q5tTxrCxKq4GYj0Y,"Club Can't Handle Me (feat. David Guetta)","Only One Flo (Part 1)","Flo Rida;David Guetta",2010-11-24,234560,85,false,6y03p0a4f35o3502j5ihof2pv,2025-06-28T19:49:11Z,"edm","Poe Boy/Atlantic",0.616,0.869,0,-3.911,1,0.0327,0.0283,0,0.064,0.473,127.966,4
spotify:track:0puf9yIluy9W0vpMEUoAnN,"Bang Bang","Sweet Talker (Deluxe Version)","Jessie J;Ariana Grande;Nicki Minaj",2014-10-10,199386,83,false,6y03p0a4f35o3502j5ihof2pv,2025-06-28T19:49:25Z,"pop","Lava Music/Republic Records",0.706,0.786,0,-3.417,0,0.091,0.26,0,0.38,0.751,150.028,4
spotify:track:5AyL2kgLtTWEu3qO3B9SqK,"Like A G6","Free Wired","Far East Movement;The Cataracs;DEV",2010-01-01,216893,79,false,6y03p0a4f35o3502j5ihof2pv,2025-06-28T19:49:41Z,"","Interscope",0.355,0.838,7,-8.126,0,0.471,0.00682,0,0.117,0.783,165.457,5
spotify:track:4kbj5MwxO1bq9wjT5g9HaA,"Shut Up and Dance","TALKING IS HARD","WALK THE MOON",2014-12-02,199080,89,false,6y03p0a4f35o3502j5ihof2pv,2025-06-28T19:49:43Z,"","RCA Records Label",0.578,0.866,1,-3.804,1,0.0619,0.00701,0,0.257,0.619,128.038,4
spotify:track:6FB3v4YcR57y4tXFcdxI1E,"I Knew You Were Trouble.","Red (Big Machine Radio Release Special)","Taylor Swift",2012-10-22,219720,81,false,6y03p0a4f35o3502j5ihof2pv,2025-06-28T19:49:44Z,"","Taylor Swift",0.622,0.469,3,-6.798,0,0.0363,0.00454,0.00000225,0.0335,0.679,77.019,4
spotify:track:0laYHRpNTS6i8FXdupHkJ4,"Love You Like A Love Song","When The Sun Goes Down","Selena Gomez & The Scene",2011-01-01,188453,87,false,6y03p0a4f35o3502j5ihof2pv,2025-06-28T19:49:59Z,"","Hollywood Records",0.858,0.678,1,-3.87,0,0.0469,0.0761,0,0.0741,0.922,117.009,4
spotify:track:32OlwWuMpZ6b0aN2RZOeMS,"Uptown Funk (feat. Bruno Mars)","Uptown Special","Mark Ronson;Bruno Mars",2015-01-12,269658,89,false,6y03p0a4f35o3502j5ihof2pv,2025-06-28T19:50:04Z,"","Columbia",0.856,0.609,0,-7.223,1,0.0824,0.00801,0.0000815,0.0344,0.928,114.988,4
spotify:track:45hOioMDJktr86iKDHC8gr,"Girlfriend","The Best Damn Thing (Expanded Edition)","Avril Lavigne",2007-04-17,216600,82,true,6y03p0a4f35o3502j5ihof2pv,2025-06-28T19:50:08Z,"","RCA Records Label",0.56,0.959,7,-2.433,1,0.102,0.000722,0.000221,0.209,0.669,163.983,4
spotify:track:0cqRj7pUJDkTCEsJkx8snD,"Shake It Off","1989 (Deluxe)","Taylor Swift",2014-01-01,219200,84,false,6y03p0a4f35o3502j5ihof2pv,2025-06-28T19:50:15Z,"","Taylor Swift",0.647,0.8,7,-5.384,1,0.165,0.0647,0,0.334,0.942,160.078,4
spotify:track:4X4tgBEUiT6WqB2oTJ5ynH,"Talk Dirty (feat. 2 Chainz)","Tattoos (Special Edition)","Jason Derulo;2 Chainz",2013-09-16,177685,62,true,6y03p0a4f35o3502j5ihof2pv,2025-06-28T19:50:30Z,"southern hip hop,rap","Beluga Heights/Warner Records",0.76,0.652,6,-7.321,1,0.232,0.0348,0,0.307,0.759,100.315,4
spotify:track:58w5J5yNWeGZ7a4cM1rO7Y,"Swalla (feat. Nicki Minaj & Ty Dolla $ign)","Nu King","Jason Derulo;Nicki Minaj;Ty Dolla $ign",2024-02-16,216408,73,true,6y03p0a4f35o3502j5ihof2pv,2025-06-28T19:50:46Z,"trap soul","Atlantic Records",0.689,0.789,1,-4.901,1,0.122,0.154,0,0.203,0.745,98.043,4
spotify:track:4E5P1XyAFtrjpiIxkydly4,"Replay","Replay","Iyaz",2009-08-18,182306,87,false,6y03p0a4f35o3502j5ihof2pv,2025-06-28T19:50:51Z,"","Time Is Money/Beluga Heights/Reprise",0.706,0.751,9,-6.323,1,0.0708,0.173,0,0.168,0.195,91.031,4
spotify:track:6QFCMUUq1T2Vf5sFUXcuQ7,"Beauty And A Beat","Believe","Justin Bieber;Nicki Minaj",2012-01-01,227986,97,false,6y03p0a4f35o3502j5ihof2pv,2025-06-28T19:51:04Z,"","RBMG/Def Jam",0.601,0.843,0,-4.87,1,0.0593,0.000704,0.0000527,0.0681,0.534,128.002,4
spotify:track:1gihuPhrLraKYrJMAEONyc,"Feel So Close - Radio Edit","18 Months","Calvin Harris",2012-10-29,206413,89,false,6y03p0a4f35o3502j5ihof2pv,2025-06-28T19:51:07Z,"edm","Columbia",0.707,0.924,7,-2.842,1,0.031,0.000972,0.00703,0.204,0.919,127.937,4
spotify:track:7MmG8p0F9N3C4AXdK6o6Eb,"Outside (feat. Ellie Goulding)","Motion","Calvin Harris;Ellie Goulding",2014-10-31,227266,90,false,6y03p0a4f35o3502j5ihof2pv,2025-06-28T19:51:16Z,"edm","Columbia",0.646,0.823,2,-4.123,0,0.0394,0.213,0,0.322,0.418,128.035,4
spotify:track:2K87XMYnUMqLcX3zvtAF4G,"Drag Me Down","Made In The A.M. (Deluxe Edition)","One Direction",2015-11-13,192112,82,false,6y03p0a4f35o3502j5ihof2pv,2025-06-28T19:51:21Z,"","Syco Music",0.731,0.703,0,-5.672,0,0.0368,0.111,0,0.0657,0.595,138.111,4
spotify:track:72gv4zhNvRVdQA0eOenCal,"Symphony (feat. Zara Larsson)","What Is Love? (Deluxe Edition)","Clean Bandit;Zara Larsson",2018-11-30,212733,84,false,6y03p0a4f35o3502j5ihof2pv,2025-06-28T19:51:25Z,"","Atlantic Records UK",0.715,0.605,0,-5.128,0,0.0428,0.239,0.0000141,0.189,0.454,122.956,4
spotify:track:1fidCEsYlaVE3pHwKCvpFZ,"Am I Wrong","Black Star Elephant","Nico & Vinz",2014,245866,84,false,6y03p0a4f35o3502j5ihof2pv,2025-06-28T19:51:31Z,"","Warner Records",0.729,0.675,8,-6.003,1,0.0312,0.175,0.00000158,0.55,0.779,119.968,4
spotify:track:6cmm1LMvZdB5zsCwX5BjqE,"Down","All Or Nothing","Jay Sean;Lil Wayne",2009-01-01,212506,84,false,6y03p0a4f35o3502j5ihof2pv,2025-06-28T19:51:42Z,"rap,hip hop","Cash Money",0.727,0.68,2,-4.498,1,0.0286,0.0101,0,0.0821,0.728,132.012,4
spotify:track:3UGIZ8qcrMTwzLbx6Kttqt,"Boyfriend","Believe","Justin Bieber",2012-01-01,171333,83,false,6y03p0a4f35o3502j5ihof2pv,2025-06-28T19:51:55Z,"","RBMG/Def Jam",0.717,0.55,10,-6.019,0,0.0521,0.0358,0.00196,0.126,0.332,96.976,4
spotify:track:2aI21FnmY7TJVKeMaoQZ0t,"Say It Right","Loose","Nelly Furtado",2006-01-01,223080,86,false,6y03p0a4f35o3502j5ihof2pv,2025-06-28T19:52:00Z,"","Mosley / Geffen",0.871,0.871,1,-6.328,1,0.139,0.0469,0.00114,0.0543,0.811,116.946,4
spotify:track:6bK9BH9Ts8Gj5JFvnQkzak,"Get Busy","Dutty Rock (20th Anniversary)","Sean Paul",2022-11-11,211666,83,false,6y03p0a4f35o3502j5ihof2pv,2025-06-28T19:52:01Z,"dancehall","VP Records",0.741,0.824,10,-4.143,0,0.0352,0.614,0,0.158,0.725,100.216,4
spotify:track:1KGi9sZVMeszgZOWivFpxs,"No Scrubs","Fanmail","TLC",1999-02-23,214400,88,false,6y03p0a4f35o3502j5ihof2pv,2025-06-28T19:52:03Z,"","Arista/LaFace Records",0.743,0.675,8,-4.267,0,0.0953,0.0251,0.000717,0.0685,0.59,92.909,4
spotify:track:0wbDgMuAoy7O7pL3a69uZx,"Give It To Me","Shock Value","Timbaland;Justin Timberlake;Nelly Furtado",2007-04-02,234026,80,true,6y03p0a4f35o3502j5ihof2pv,2025-06-28T19:52:18Z,"","Interscope/Blackground Records",0.975,0.711,8,-3.904,1,0.0632,0.168,0.000552,0.0799,0.815,110.621,4
spotify:track:1AWQoqb9bSvzTjaLralEkT,"Rock Your Body","Justified","Justin Timberlake",2002-11-04,267266,87,false,6y03p0a4f35o3502j5ihof2pv,2025-06-28T19:52:28Z,"","Jive",0.892,0.714,4,-6.055,0,0.141,0.201,0.000234,0.0521,0.817,100.972,4
spotify:track:7H6ev70Weq6DdpZyyTmUXk,"Say My Name","The Writing's On The Wall","Destiny's Child",1999-07-27,271333,84,false,6y03p0a4f35o3502j5ihof2pv,2025-06-28T19:52:32Z,"","Columbia",0.713,0.678,5,-3.525,0,0.102,0.273,0,0.149,0.734,138.009,4
spotify:track:5xEM5hIgJ1jjgcEBfpkt2F,"Complicated","Let Go","Avril Lavigne",2002-06-04,244506,88,false,6y03p0a4f35o3502j5ihof2pv,2025-06-28T19:52:33Z,"","Arista",0.585,0.776,5,-5.898,1,0.0459,0.0572,0.00000774,0.3,0.427,77.987,4
spotify:track:1CQ2cMfrmFM1YdfmjENKVE,"She Looks So Perfect","5 Seconds Of Summer","5 Seconds of Summer",2014-06-27,202496,76,false,6y03p0a4f35o3502j5ihof2pv,2025-06-28T19:52:39Z,"","Capitol",0.494,0.951,9,-4.237,1,0.132,0.000569,0,0.327,0.441,160.025,4
spotify:track:4B0JvthVoAAuygILe3n4Bs,"What Do You Mean?","Purpose (Deluxe)","Justin Bieber",2015-11-13,205680,88,false,6y03p0a4f35o3502j5ihof2pv,2025-06-28T19:52:42Z,"","RBMG/Def Jam",0.845,0.567,5,-8.118,0,0.0956,0.59,0.00142,0.0811,0.793,125.02,4
spotify:track:3vkQ5DAB1qQMYO4Mr9zJN6,"Gimme! Gimme! Gimme! (A Man After Midnight)","Voulez-Vous","ABBA",1979,292613,86,false,6y03p0a4f35o3502j5ihof2pv,2025-06-28T19:52:44Z,"","Polar Music International AB",0.749,0.491,10,-9.655,1,0.0403,0.02,0.00899,0.159,0.536,119.528,4
spotify:track:4bJygwUKrRgq1stlNXcgMg,"All The Things She Said","200 KM/H In The Wrong Lane (10th Anniversary Edition)","t.A.T.u.",2002,214440,87,true,6y03p0a4f35o3502j5ihof2pv,2025-06-28T19:53:03Z,"","Interscope",0.527,0.834,5,-5.767,0,0.0474,0.0411,0.00599,0.105,0.381,179.92,4
spotify:track:6e8Ou0wiqAzIpWb2eSxll8,"Miami","Big Willie Style","Will Smith",1997-10-03,197560,78,false,6y03p0a4f35o3502j5ihof2pv,2025-06-28T19:53:05Z,"","Columbia",0.877,0.534,1,-6.178,1,0.15,0.0339,0.0000167,0.0441,0.89,108.17,4
spotify:track:1u8c2t2Cy7UBoG4ArRcF5g,"Blank Space","1989 (Deluxe)","Taylor Swift",2014-01-01,231826,86,false,6y03p0a4f35o3502j5ihof2pv,2025-06-28T19:53:08Z,"","Taylor Swift",0.76,0.703,5,-5.412,1,0.054,0.103,0,0.0913,0.57,95.997,4
spotify:track:4cluDES4hQEUhmXj6TXkSo,"What Makes You Beautiful","Up All Night","One Direction",2012-05-25,199986,89,false,6y03p0a4f35o3502j5ihof2pv,2025-06-28T19:53:23Z,"","Syco Music UK",0.726,0.787,4,-2.494,1,0.0737,0.009,0,0.0596,0.888,124.99,4
spotify:track:7DnAm9FOTWE3cUvso43HhI,"Sweet but Psycho","Heaven & Hell","Ava Max",2020-09-18,187436,86,false,6y03p0a4f35o3502j5ihof2pv,2025-06-28T19:53:35Z,"","Atlantic Records",0.72,0.706,1,-4.719,1,0.0473,0.0684,0,0.166,0.62,133.002,4
spotify:track:29JrmE89KgRyCxBIzq2Ocw,"Strip That Down (feat. Quavo)","LP1","Liam Payne;Quavo",2019-12-06,202061,73,false,6y03p0a4f35o3502j5ihof2pv,2025-06-28T19:53:41Z,"","Capitol Records UK / EMI",0.873,0.495,6,-5.446,1,0.0518,0.199,0,0.0805,0.546,106.033,4
spotify:track:1P17dC1amhFzptugyAO7Il,"Look What You Made Me Do","reputation","Taylor Swift",2017-11-10,211853,80,false,6y03p0a4f35o3502j5ihof2pv,2025-06-28T19:53:43Z,"","Taylor Swift",0.766,0.709,9,-6.471,0,0.123,0.204,0.0000141,0.126,0.506,128.07,4
spotify:track:6epn3r7S14KUqlReYr77hA,"Baby","My World 2.0","Justin Bieber;Ludacris",2010-01-01,214240,92,false,6y03p0a4f35o3502j5ihof2pv,2025-06-28T19:53:46Z,"southern hip hop","RBMG/Def Jam",0.728,0.859,5,-5.237,0,0.137,0.0401,0,0.111,0.535,65.043,4
spotify:track:4vVTI94F9uJ8lHNDWKv0i2,"Eenie Meenie","Eenie Meenie","Sean Kingston;Justin Bieber",2010-03-23,201946,89,false,6y03p0a4f35o3502j5ihof2pv,2025-06-28T19:53:48Z,"","Epic/Beluga Heights",0.72,0.607,1,-4.168,1,0.0322,0.0543,0,0.113,0.828,121.223,4
spotify:track:76dIZzTdrNO15mGBrU3MHi,"One Kiss (with Dua Lipa)","96 Months","Calvin Harris;Dua Lipa",2024-08-08,214846,82,false,6y03p0a4f35o3502j5ihof2pv,2025-06-28T19:53:51Z,"edm,pop","Columbia",0.79,0.862,9,-3.24,0,0.11,0.037,0.0000225,0.0814,0.593,123.992,4
spotify:track:5T7ZFtCcOgkpjxcuaeZbw0,"Best Song Ever","Midnight Memories (Deluxe)","One Direction",2013-11-25,200111,80,false,6y03p0a4f35o3502j5ihof2pv,2025-06-28T19:54:04Z,"","Syco Music",0.652,0.877,1,-2.986,1,0.0465,0.0227,0,0.0789,0.486,118.491,4
spotify:track:5YoITs1m0q8UOQ4AW7N5ga,"Gasolina","Barrio Fino (Bonus Track Version)","Daddy Yankee",2004-07-13,192600,88,false,6y03p0a4f35o3502j5ihof2pv,2025-06-28T19:54:33Z,"reggaeton,latin","Craft Latino",0.852,0.797,0,-6.543,1,0.0614,0.322,0.00000269,0.0845,0.741,96.008,4
spotify:track:67awxiNHNyjMXhVgsHuIrs,"Turn Down for What","Turn Down for What","DJ Snake;Lil Jon",2013-12-18,213733,74,false,6y03p0a4f35o3502j5ihof2pv,2025-06-28T19:54:38Z,"crunk","Columbia",0.818,0.799,1,-4.1,0,0.156,0.00107,0.128,0.057,0.0815,100.014,4
spotify:track:1B75hgRqe7A4fwee3g3Wmu,"U Can't Touch This","Please Hammer Don't Hurt 'Em","MC Hammer",1990-02-20,257359,78,false,6y03p0a4f35o3502j5ihof2pv,2025-06-28T19:54:53Z,"","EMI/EMI Records (USA)",0.867,0.517,11,-13.22,0,0.088,0.00449,0.000343,0.0864,0.862,133.149,4
spotify:track:3E7ZwUMJFqpsDOJzEkBrQ7,"Can't Get You out of My Head","Fever","Kylie Minogue",2002-11-19,230640,87,false,6y03p0a4f35o3502j5ihof2pv,2025-06-28T19:55:02Z,"dance pop","Parlophone UK",0.766,0.563,9,-7.516,0,0.0339,0.0263,0.683,0.115,0.964,126.007,4
spotify:track:2Fs18NaCDuluPG1DHGw1XG,"Life is a Highway","Me And My Gang","Rascal Flatts",2006-11-13,276320,79,false,6y03p0a4f35o3502j5ihof2pv,2025-06-28T19:55:25Z,"country","Lyric Street",0.582,0.952,5,-3.848,1,0.0731,0.00324,0,0.223,0.655,103.027,4
spotify:track:1zi7xx7UVEFkmKfv06H8x0,"One Dance","Views","Drake;Wizkid;Kyla",2016-05-06,173986,94,false,6y03p0a4f35o3502j5ihof2pv,2025-06-28T19:55:29Z,"rap,afrobeats,afrobeat,afropop,azonto,afroswing,afro r&b,afropiano","Cash Money Records/Young Money Ent./Universal Rec.",0.792,0.625,1,-5.609,1,0.0536,0.00776,0.0018,0.329,0.37,103.967,4
spotify:track:7j56HrjR9cGzvekvZY3Faz,"HandClap","Fitz and The Tantrums","Fitz and The Tantrums",2016-06-10,193253,76,false,6y03p0a4f35o3502j5ihof2pv,2025-06-28T19:55:34Z,"","Elektra (NEK)",0.636,0.836,8,-3.004,1,0.0427,0.00609,0.000157,0.0828,0.715,139.956,4
spotify:track:1rqqCSm0Qe4I9rUvWncaom,"High Hopes","Pray for the Wicked","Panic! At The Disco",2018-06-22,190946,86,false,6y03p0a4f35o3502j5ihof2pv,2025-06-28T19:55:41Z,"emo","DCD2 / Fueled By Ramen",0.579,0.904,5,-2.729,1,0.0618,0.193,0,0.064,0.681,82.014,4
spotify:track:5WHTFyqSii0lmT9R21abT8,"Don't Call Me Up","Ivy To Roses (Mixtape)","Mabel",2019-01-18,178480,75,false,6y03p0a4f35o3502j5ihof2pv,2025-06-28T19:56:30Z,"","Polydor Records",0.674,0.881,9,-2.853,1,0.147,0.296,0.00000301,0.0793,0.234,98.994,4
spotify:track:3Vo4wInECJQuz9BIBMOu8i,"Finesse - Remix; feat. Cardi B","Finesse (Remix) [feat. Cardi B]","Bruno Mars;Cardi B",2017-12-20,217288,80,false,6y03p0a4f35o3502j5ihof2pv,2025-06-28T19:57:02Z,"","Atlantic Records",0.704,0.859,5,-4.877,0,0.0996,0.0185,0,0.0215,0.926,105.115,4
spotify:track:1HFfMOxCAT4GAwaPfCdmUs,"Waves - Robin Schulz Radio Edit","Waves (Robin Schulz Radio Edit)","Mr. Probz;Robin Schulz",2014-02-07,208133,85,false,6y03p0a4f35o3502j5ihof2pv,2025-06-28T19:57:06Z,"tropical house","Left Lane Recordings",0.829,0.51,5,-9.334,0,0.0369,0.00821,0.00143,0.0829,0.45,119.994,4
spotify:track:2sEk5R8ErGIFxbZ7rX6S2S,"How to Be a Heartbreaker","Electra Heart (Deluxe)","MARINA",2012-04-27,221493,73,false,6y03p0a4f35o3502j5ihof2pv,2025-06-28T19:57:11Z,"","Atlantic Records UK",0.69,0.897,11,-4.696,0,0.0506,0.0142,0,0.108,0.849,140.05,4
spotify:track:72TFWvU3wUYdUuxejTTIzt,"Work","ANTI (Deluxe)","Rihanna;Drake",2016-01-28,219320,83,true,6y03p0a4f35o3502j5ihof2pv,2025-06-28T19:57:17Z,"rap","Roc Nation / Rihanna",0.723,0.534,11,-6.238,1,0.0891,0.0747,0,0.0919,0.551,91.974,4
spotify:track:5BOZ4skcMubA0R6RD4zf64,"Girls Like (feat. Zara Larsson)","YOUTH","Tinie Tempah;Zara Larsson",2017-03-31,195306,71,true,6y03p0a4f35o3502j5ihof2pv,2025-06-28T19:57:28Z,"grime","Parlophone UK",0.916,0.815,0,-3.418,1,0.0495,0.386,0.00000634,0.0765,0.577,120.032,4
spotify:track:58q2HKrzhC3ozto2nDdN4z,"I Like It","Invasion of Privacy","Cardi B;Bad Bunny;J Balvin",2018-04-06,253390,84,true,6y03p0a4f35o3502j5ihof2pv,2025-06-28T19:57:41Z,"reggaeton,trap latino,latin,urbano latino","Atlantic/KSR",0.816,0.726,5,-3.998,0,0.129,0.099,0,0.372,0.65,136.048,4
spotify:track:4uUG5RXrOk84mYEfFvj3cK,"I'm Good (Blue)","I'm Good (Blue)","David Guetta;Bebe Rexha",2022-08-26,175238,88,true,6y03p0a4f35o3502j5ihof2pv,2025-06-28T19:57:48Z,"edm","Parlophone UK",0.561,0.965,7,-3.673,0,0.0343,0.00383,0.00000707,0.371,0.304,128.04,4
spotify:track:4CMMYnsYsM7gY3Gf7j10yf,"Be My Lover","Be My Lover","MALUGI;Paul Sirrell",2025-02-28,155586,48,false,6y03p0a4f35o3502j5ihof2pv,2025-07-14T19:46:39Z,"hard house,eurodance,uk garage,trance","Columbia Local",0.57,0.966,11,-5.739,1,0.0477,0.000448,0.0678,0.748,0.775,144.962,4
spotify:track:5NXFzjszl9TWPIIWVbHX6F,"Bubble","Bubble","Mattik",2025-03-28,340869,29,false,6y03p0a4f35o3502j5ihof2pv,2025-07-15T22:18:19Z,"uk garage,bassline,breakbeat","INSTINCT (UK)",0.806,0.746,6,-9.33,0,0.0747,0.00207,0.833,0.0993,0.575,138.01,4
